mc	mn	quarterbeats	duration_qb	mc_onset	mn_onset	timesig	staff	voice	duration	gracenote	nominal_duration	scalar	tied	tpc	midi	name	octave	chord_id
1	1	0	1.0	0	0	3/4	2	1	1/4		1/4	1		9	51	D#3	3	5
1	1	0	1.0	0	0	3/4	2	1	1/4		1/4	1		3	57	A3	3	5
1	1	0	1.0	0	0	3/4	2	1	1/4		1/4	1		7	61	C#4	4	5
1	1	0	1.0	0	0	3/4	1	1	1/4		1/4	1		6	66	F#4	4	0
1	1	0	1.0	0	0	3/4	1	1	1/4		1/4	1		7	73	C#5	5	0
1	1	0	1.0	0	0	3/4	1	1	1/4		1/4	1		6	78	F#5	5	0
1	1	1	1.0	1/4	1/4	3/4	2	1	1/4		1/4	1		6	54	F#3	3	6
1	1	1	1.0	1/4	1/4	3/4	2	1	1/4		1/4	1		7	61	C#4	4	6
1	1	1	1.0	1/4	1/4	3/4	2	1	1/4		1/4	1		4	64	E4	4	6
1	1	1	1.0	1/4	1/4	3/4	1	1	1/4		1/4	1		3	69	A4	4	1
1	1	1	1.0	1/4	1/4	3/4	1	1	1/4		1/4	1		4	76	E5	5	1
1	1	1	1.0	1/4	1/4	3/4	1	1	1/4		1/4	1		3	81	A5	5	1
1	1	2	0.3333333333333333	1/2	1/2	3/4	2	1	1/12		1/8	2/3		3	57	A3	3	7
1	1	2	0.3333333333333333	1/2	1/2	3/4	2	1	1/12		1/8	2/3		9	63	D#4	4	7
1	1	2	0.3333333333333333	1/2	1/2	3/4	2	1	1/12		1/8	2/3		6	66	F#4	4	7
1	1	2	0.3333333333333333	1/2	1/2	3/4	1	1	1/12		1/8	2/3		5	71	B4	4	2
1	1	2	0.3333333333333333	1/2	1/2	3/4	1	1	1/12		1/8	2/3		6	78	F#5	5	2
1	1	2	0.3333333333333333	1/2	1/2	3/4	1	1	1/12		1/8	2/3		5	83	B5	5	2
1	1	7/3	0.3333333333333333	7/12	7/12	3/4	2	1	1/12		1/8	2/3		6	54	F#3	3	8
1	1	7/3	0.3333333333333333	7/12	7/12	3/4	2	1	1/12		1/8	2/3		7	61	C#4	4	8
1	1	7/3	0.3333333333333333	7/12	7/12	3/4	2	1	1/12		1/8	2/3		4	64	E4	4	8
1	1	7/3	0.3333333333333333	7/12	7/12	3/4	1	1	1/12		1/8	2/3		3	69	A4	4	3
1	1	7/3	0.3333333333333333	7/12	7/12	3/4	1	1	1/12		1/8	2/3		4	76	E5	5	3
1	1	7/3	0.3333333333333333	7/12	7/12	3/4	1	1	1/12		1/8	2/3		3	81	A5	5	3
1	1	8/3	0.3333333333333333	2/3	2/3	3/4	2	1	1/12		1/8	2/3		9	51	D#3	3	9
1	1	8/3	0.3333333333333333	2/3	2/3	3/4	2	1	1/12		1/8	2/3		3	57	A3	3	9
1	1	8/3	0.3333333333333333	2/3	2/3	3/4	2	1	1/12		1/8	2/3		7	61	C#4	4	9
1	1	8/3	0.3333333333333333	2/3	2/3	3/4	1	1	1/12		1/8	2/3		6	66	F#4	4	4
1	1	8/3	0.3333333333333333	2/3	2/3	3/4	1	1	1/12		1/8	2/3		7	73	C#5	5	4
1	1	8/3	0.3333333333333333	2/3	2/3	3/4	1	1	1/12		1/8	2/3		6	78	F#5	5	4
2	2	3	0.5	0	0	3/4	2	1	1/8		1/8	1		4	52	E3	3	13
2	2	3	0.5	0	0	3/4	2	1	1/8		1/8	1		8	56	G#3	3	13
2	2	3	0.5	0	0	3/4	2	1	1/8		1/8	1		5	59	B3	3	13
2	2	3	0.5	0	0	3/4	1	1	1/8		1/8	1		4	64	E4	4	10
2	2	3	0.5	0	0	3/4	1	1	1/8		1/8	1		5	71	B4	4	10
2	2	3	0.5	0	0	3/4	1	1	1/8		1/8	1		4	76	E5	5	10
2	2	27/8	0.0625	3/32	3/32	3/4	2	2	1/64		1/64	1		8	44	G#2	2	16
2	2	55/16	0.0625	7/64	7/64	3/4	2	2	1/64		1/64	1		9	51	D#3	3	17
2	2	7/2	0.5	1/8	1/8	3/4	2	1	1/8		1/8	1		8	44	G#2	2	14
2	2	7/2	0.5	1/8	1/8	3/4	2	1	1/8		1/8	1		9	51	D#3	3	14
2	2	7/2	0.5	1/8	1/8	3/4	2	1	1/8		1/8	1		5	59	B3	3	14
2	2	7/2	0.5	1/8	1/8	3/4	1	1	1/8		1/8	1		8	68	G#4	4	11
2	2	7/2	0.5	1/8	1/8	3/4	1	1	1/8		1/8	1		9	75	D#5	5	11
2	2	7/2	0.5	1/8	1/8	3/4	1	1	1/8		1/8	1		8	80	G#5	5	11
2	2	4	2.0	1/4	1/4	3/4	2	1	1/2		1/2	1		8	56	G#3	3	15
2	2	4	2.0	1/4	1/4	3/4	2	1	1/2		1/2	1		5	59	B3	3	15
2	2	4	2.0	1/4	1/4	3/4	2	1	1/2		1/2	1		9	63	D#4	4	15
2	2	4	2.0	1/4	1/4	3/4	1	1	1/2		1/2	1		8	68	G#4	4	12
2	2	4	2.0	1/4	1/4	3/4	1	1	1/2		1/2	1		5	71	B4	4	12
2	2	4	2.0	1/4	1/4	3/4	1	1	1/2		1/2	1		9	75	D#5	5	12
2	2	4	2.0	1/4	1/4	3/4	1	1	1/2		1/2	1		8	80	G#5	5	12
3	3	6	1.0	0	0	3/4	2	1	1/4		1/4	1		9	51	D#3	3	25
3	3	6	1.0	0	0	3/4	2	1	1/4		1/4	1		3	57	A3	3	25
3	3	6	1.0	0	0	3/4	2	1	1/4		1/4	1		7	61	C#4	4	25
3	3	6	0.5	0	0	3/4	1	1	1/8		1/8	1		6	66	F#4	4	18
3	3	6	1.0	0	0	3/4	1	2	1/4		1/4	1		7	73	C#5	5	24
3	3	6	0.5	0	0	3/4	1	1	1/8		1/8	1		6	78	F#5	5	18
3	3	13/2	0.5	1/8	1/8	3/4	1	1	1/8		1/8	1		8	68	G#4	4	19
3	3	13/2	0.5	1/8	1/8	3/4	1	1	1/8		1/8	1		8	80	G#5	5	19
3	3	7	1.0	1/4	1/4	3/4	2	1	1/4		1/4	1		6	54	F#3	3	26
3	3	7	1.0	1/4	1/4	3/4	2	1	1/4		1/4	1		7	61	C#4	4	26
3	3	7	1.0	1/4	1/4	3/4	2	1	1/4		1/4	1		4	64	E4	4	26
3	3	7	1.0	1/4	1/4	3/4	1	1	1/4		1/4	1		3	69	A4	4	20
3	3	7	1.0	1/4	1/4	3/4	1	1	1/4		1/4	1		4	76	E5	5	20
3	3	7	1.0	1/4	1/4	3/4	1	1	1/4		1/4	1		3	81	A5	5	20
3	3	8	0.3333333333333333	1/2	1/2	3/4	2	1	1/12		1/8	2/3		3	57	A3	3	27
3	3	8	0.3333333333333333	1/2	1/2	3/4	2	1	1/12		1/8	2/3		9	63	D#4	4	27
3	3	8	0.3333333333333333	1/2	1/2	3/4	2	1	1/12		1/8	2/3		6	66	F#4	4	27
3	3	8	0.3333333333333333	1/2	1/2	3/4	1	1	1/12		1/8	2/3		5	71	B4	4	21
3	3	8	0.3333333333333333	1/2	1/2	3/4	1	1	1/12		1/8	2/3		6	78	F#5	5	21
3	3	8	0.3333333333333333	1/2	1/2	3/4	1	1	1/12		1/8	2/3		5	83	B5	5	21
3	3	25/3	0.3333333333333333	7/12	7/12	3/4	2	1	1/12		1/8	2/3		6	54	F#3	3	28
3	3	25/3	0.3333333333333333	7/12	7/12	3/4	2	1	1/12		1/8	2/3		7	61	C#4	4	28
3	3	25/3	0.3333333333333333	7/12	7/12	3/4	2	1	1/12		1/8	2/3		4	64	E4	4	28
3	3	25/3	0.3333333333333333	7/12	7/12	3/4	1	1	1/12		1/8	2/3		3	69	A4	4	22
3	3	25/3	0.3333333333333333	7/12	7/12	3/4	1	1	1/12		1/8	2/3		4	76	E5	5	22
3	3	25/3	0.3333333333333333	7/12	7/12	3/4	1	1	1/12		1/8	2/3		3	81	A5	5	22
3	3	26/3	0.3333333333333333	2/3	2/3	3/4	2	1	1/12		1/8	2/3		9	51	D#3	3	29
3	3	26/3	0.3333333333333333	2/3	2/3	3/4	2	1	1/12		1/8	2/3		3	57	A3	3	29
3	3	26/3	0.3333333333333333	2/3	2/3	3/4	2	1	1/12		1/8	2/3		7	61	C#4	4	29
3	3	26/3	0.3333333333333333	2/3	2/3	3/4	1	1	1/12		1/8	2/3		6	66	F#4	4	23
3	3	26/3	0.3333333333333333	2/3	2/3	3/4	1	1	1/12		1/8	2/3		7	73	C#5	5	23
3	3	26/3	0.3333333333333333	2/3	2/3	3/4	1	1	1/12		1/8	2/3		6	78	F#5	5	23
4	4	9	0.5	0	0	3/4	2	1	1/8		1/8	1		4	52	E3	3	33
4	4	9	0.5	0	0	3/4	2	1	1/8		1/8	1		8	56	G#3	3	33
4	4	9	0.5	0	0	3/4	2	1	1/8		1/8	1		5	59	B3	3	33
4	4	9	0.5	0	0	3/4	1	1	1/8		1/8	1		4	64	E4	4	30
4	4	9	0.5	0	0	3/4	1	1	1/8		1/8	1		5	71	B4	4	30
4	4	9	0.5	0	0	3/4	1	1	1/8		1/8	1		4	76	E5	5	30
4	4	37/4	0.08333333333333333	1/16	1/16	3/4	2	2	1/48		1/32	2/3	1	8	44	G#2	2	36
4	4	28/3	0.08333333333333333	1/12	1/12	3/4	2	2	1/48		1/32	2/3	1	9	51	D#3	3	37
4	4	113/12	0.08333333333333333	5/48	5/48	3/4	2	2	1/48		1/32	2/3	1	5	59	B3	3	38
4	4	19/2	0.5	1/8	1/8	3/4	2	1	1/8		1/8	1	-1	8	44	G#2	2	34
4	4	19/2	0.5	1/8	1/8	3/4	2	1	1/8		1/8	1	-1	9	51	D#3	3	34
4	4	19/2	0.5	1/8	1/8	3/4	2	1	1/8		1/8	1	-1	5	59	B3	3	34
4	4	19/2	0.5	1/8	1/8	3/4	1	1	1/8		1/8	1		8	68	G#4	4	31
4	4	19/2	0.5	1/8	1/8	3/4	1	1	1/8		1/8	1		9	75	D#5	5	31
4	4	19/2	0.5	1/8	1/8	3/4	1	1	1/8		1/8	1		8	80	G#5	5	31
4	4	10	2.0	1/4	1/4	3/4	2	1	1/2		1/2	1		8	56	G#3	3	35
4	4	10	2.0	1/4	1/4	3/4	2	1	1/2		1/2	1		5	59	B3	3	35
4	4	10	2.0	1/4	1/4	3/4	2	1	1/2		1/2	1		9	63	D#4	4	35
4	4	10	2.0	1/4	1/4	3/4	1	1	1/2		1/2	1		8	68	G#4	4	32
4	4	10	2.0	1/4	1/4	3/4	1	1	1/2		1/2	1		5	71	B4	4	32
4	4	10	2.0	1/4	1/4	3/4	1	1	1/2		1/2	1		9	75	D#5	5	32
4	4	10	2.0	1/4	1/4	3/4	1	1	1/2		1/2	1		8	80	G#5	5	32
5	5	12	0.5	0	0	3/4	2	1	1/8		1/8	1		8	56	G#3	3	45
5	5	12	0.5	0	0	3/4	1	1	1/8		1/8	1		8	68	G#4	4	39
5	5	25/2	0.5	1/8	1/8	3/4	2	1	1/8		1/8	1		7	61	C#4	4	46
5	5	25/2	0.5	1/8	1/8	3/4	1	1	1/8		1/8	1		7	73	C#5	5	40
5	5	13	1.0	1/4	1/4	3/4	2	1	1/4		1/4	1		7	61	C#4	4	47
5	5	13	1.0	1/4	1/4	3/4	1	1	1/4		1/4	1		7	73	C#5	5	41
5	5	14	0.25	1/2	1/2	3/4	2	1	1/16		1/16	1		5	59	B3	3	48
5	5	14	0.25	1/2	1/2	3/4	1	1	1/16		1/16	1		5	71	B4	4	42
5	5	57/4	0.25	9/16	9/16	3/4	2	1	1/16		1/16	1		3	57	A3	3	49
5	5	57/4	0.25	9/16	9/16	3/4	1	1	1/16		1/16	1		3	69	A4	4	43
5	5	29/2	0.5	5/8	5/8	3/4	2	1	1/8		1/8	1		8	56	G#3	3	50
5	5	29/2	0.5	5/8	5/8	3/4	1	1	1/8		1/8	1		8	68	G#4	4	44
6	6	15	0.5	0	0	3/4	2	1	1/8		1/8	1		8	56	G#3	3	61
6	6	15	0.5	0	0	3/4	1	1	1/8		1/8	1		8	68	G#4	4	51
6	6	31/2	0.5	1/8	1/8	3/4	2	1	1/8		1/8	1		7	49	C#3	3	62
6	6	31/2	0.5	1/8	1/8	3/4	1	1	1/8		1/8	1		7	61	C#4	4	52
6	6	16	0.5	1/4	1/4	3/4	2	1	1/8		1/8	1		3	45	A2	2	63
6	6	16	0.5	1/4	1/4	3/4	2	1	1/8		1/8	1		7	49	C#3	3	63
6	6	16	0.5	1/4	1/4	3/4	1	2	1/8		1/8	1		4	52	E3	3	57
6	6	16	0.5	1/4	1/4	3/4	1	2	1/8		1/8	1		3	57	A3	3	57
6	6	16	0.5	1/4	1/4	3/4	1	1	1/8		1/8	1		7	61	C#4	4	53
6	6	33/2	0.5	3/8	3/8	3/4	2	1	1/8		1/8	1		8	44	G#2	2	64
6	6	33/2	0.5	3/8	3/8	3/4	2	1	1/8		1/8	1		9	51	D#3	3	64
6	6	33/2	0.5	3/8	3/8	3/4	1	2	1/8		1/8	1		8	56	G#3	3	58
6	6	33/2	0.5	3/8	3/8	3/4	1	1	1/8		1/8	1		5	59	B3	3	54
6	6	33/2	0.5	3/8	3/8	3/4	1	1	1/8		1/8	1		9	63	D#4	4	54
6	6	17	0.5	1/2	1/2	3/4	2	1	1/8		1/8	1		6	42	F#2	2	65
6	6	17	0.5	1/2	1/2	3/4	2	1	1/8		1/8	1		4	52	E3	3	65
6	6	17	0.5	1/2	1/2	3/4	1	2	1/8		1/8	1		3	57	A3	3	59
6	6	17	0.5	1/2	1/2	3/4	1	1	1/8		1/8	1		7	61	C#4	4	55
6	6	17	0.5	1/2	1/2	3/4	1	1	1/8		1/8	1		4	64	E4	4	55
6	6	35/2	0.5	5/8	5/8	3/4	2	1	1/8		1/8	1		4	40	E2	2	66
6	6	35/2	0.5	5/8	5/8	3/4	1	2	1/8		1/8	1		8	56	G#3	3	60
6	6	35/2	0.5	5/8	5/8	3/4	1	2	1/8		1/8	1		5	59	B3	3	60
6	6	35/2	0.5	5/8	5/8	3/4	1	1	1/8		1/8	1		9	63	D#4	4	56
6	6	35/2	0.5	5/8	5/8	3/4	1	1	1/8		1/8	1		8	68	G#4	4	56
7	7	18	0.5	0	0	3/4	2	1	1/8		1/8	1		3	45	A2	2	79
7	7	18	0.5	0	0	3/4	2	1	1/8		1/8	1		7	49	C#3	3	79
7	7	18	0.5	0	0	3/4	1	2	1/8		1/8	1		4	52	E3	3	73
7	7	18	0.5	0	0	3/4	1	2	1/8		1/8	1		3	57	A3	3	73
7	7	18	0.5	0	0	3/4	1	1	1/8		1/8	1		7	61	C#4	4	67
7	7	37/2	0.5	1/8	1/8	3/4	2	1	1/8		1/8	1		8	44	G#2	2	80
7	7	37/2	0.5	1/8	1/8	3/4	2	1	1/8		1/8	1		9	51	D#3	3	80
7	7	37/2	0.5	1/8	1/8	3/4	1	2	1/8		1/8	1		8	56	G#3	3	74
7	7	37/2	0.5	1/8	1/8	3/4	1	2	1/8		1/8	1		5	59	B3	3	74
7	7	37/2	0.5	1/8	1/8	3/4	1	1	1/8		1/8	1		9	63	D#4	4	68
7	7	19	0.5	1/4	1/4	3/4	2	1	1/8		1/8	1		6	42	F#2	2	81
7	7	19	0.5	1/4	1/4	3/4	2	1	1/8		1/8	1	1	4	52	E3	3	81
7	7	19	0.5	1/4	1/4	3/4	1	2	1/8		1/8	1		3	57	A3	3	75
7	7	19	0.5	1/4	1/4	3/4	1	1	1/8		1/8	1		7	61	C#4	4	69
7	7	19	0.5	1/4	1/4	3/4	1	1	1/8		1/8	1		4	64	E4	4	69
7	7	39/2	0.5	3/8	3/8	3/4	2	1	1/8		1/8	1		4	40	E2	2	82
7	7	39/2	0.5	3/8	3/8	3/4	2	1	1/8		1/8	1	-1	4	52	E3	3	82
7	7	39/2	0.5	3/8	3/8	3/4	1	2	1/8		1/8	1		8	56	G#3	3	76
7	7	39/2	0.5	3/8	3/8	3/4	1	2	1/8		1/8	1		5	59	B3	3	76
7	7	39/2	0.5	3/8	3/8	3/4	1	1	1/8		1/8	1		9	63	D#4	4	70
7	7	39/2	0.5	3/8	3/8	3/4	1	1	1/8		1/8	1		8	68	G#4	4	70
7	7	20	0.5	1/2	1/2	3/4	2	1	1/8		1/8	1		9	39	D#2	2	83
7	7	20	0.5	1/2	1/2	3/4	2	1	1/8		1/8	1		9	51	D#3	3	83
7	7	20	0.5	1/2	1/2	3/4	1	2	1/8		1/8	1		3	57	A3	3	77
7	7	20	0.5	1/2	1/2	3/4	1	2	1/8		1/8	1		7	61	C#4	4	77
7	7	20	0.5	1/2	1/2	3/4	1	1	1/8		1/8	1		4	64	E4	4	71
7	7	20	0.5	1/2	1/2	3/4	1	1	1/8		1/8	1		3	69	A4	4	71
7	7	41/2	0.5	5/8	5/8	3/4	2	1	1/8		1/8	1		7	37	C#2	2	84
7	7	41/2	0.5	5/8	5/8	3/4	2	1	1/8		1/8	1		7	49	C#3	3	84
7	7	41/2	0.5	5/8	5/8	3/4	1	2	1/8		1/8	1		7	61	C#4	4	78
7	7	41/2	0.5	5/8	5/8	3/4	1	2	1/8		1/8	1		4	64	E4	4	78
7	7	41/2	0.5	5/8	5/8	3/4	1	1	1/8		1/8	1		8	68	G#4	4	72
7	7	41/2	0.5	5/8	5/8	3/4	1	1	1/8		1/8	1		7	73	C#5	5	72
8	8	21	1.0	0	0	3/4	2	1	1/4		1/4	1		5	35	B1	1	87
8	8	21	1.0	0	0	3/4	2	1	1/4		1/4	1		6	42	F#2	2	87
8	8	21	1.0	0	0	3/4	2	1	1/4		1/4	1		5	47	B2	2	87
8	8	21	1.0	0	0	3/4	1	1	1/4		1/4	1		9	63	D#4	4	85
8	8	21	1.0	0	0	3/4	1	1	1/4		1/4	1		6	66	F#4	4	85
8	8	21	1.0	0	0	3/4	1	1	1/4		1/4	1		5	71	B4	4	85
8	8	21	1.0	0	0	3/4	1	1	1/4		1/4	1		9	75	D#5	5	85
8	8	22	2.0	1/4	1/4	3/4	2	1	1/2		1/2	1		5	47	B2	2	88
8	8	22	2.0	1/4	1/4	3/4	2	1	1/2		1/2	1		6	54	F#3	3	88
8	8	22	2.0	1/4	1/4	3/4	2	1	1/2		1/2	1		5	59	B3	3	88
8	8	22	2.0	1/4	1/4	3/4	1	1	1/2		1/2	1		9	63	D#4	4	86
8	8	22	2.0	1/4	1/4	3/4	1	1	1/2		1/2	1		6	66	F#4	4	86
8	8	22	2.0	1/4	1/4	3/4	1	1	1/2		1/2	1		5	71	B4	4	86
8	8	22	2.0	1/4	1/4	3/4	1	1	1/2		1/2	1		9	75	D#5	5	86
9	9	24	1.0	0	0	3/4	2	1	1/4		1/4	1		3	57	A3	3	98
9	9	24	1.0	0	0	3/4	2	1	1/4		1/4	1		7	61	C#4	4	98
9	9	24	1.0	0	0	3/4	1	2	1/4		1/4	1		4	64	E4	4	95
9	9	24	1.0	0	0	3/4	1	2	1/4		1/4	1		3	69	A4	4	95
9	9	24	0.25	0	0	3/4	1	1	1/16		1/16	1		4	76	E5	5	89
9	9	97/4	0.25	1/16	1/16	3/4	1	1	1/16		1/16	1		9	75	D#5	5	90
9	9	49/2	0.5	1/8	1/8	3/4	1	1	1/8		1/8	1		7	73	C#5	5	91
9	9	25	1.0	1/4	1/4	3/4	2	1	1/4		1/4	1		6	54	F#3	3	99
9	9	25	1.0	1/4	1/4	3/4	2	1	1/4		1/4	1		10	58	A#3	3	99
9	9	25	1.0	1/4	1/4	3/4	2	1	1/4		1/4	1		7	61	C#4	4	99
9	9	25	1.0	1/4	1/4	3/4	1	2	1/4		1/4	1		6	66	F#4	4	96
9	9	25	1.0	1/4	1/4	3/4	1	2	1/4		1/4	1		10	70	A#4	4	96
9	9	25	1.0	1/4	1/4	3/4	1	1	1/4		1/4	1	1	7	73	C#5	5	92
9	9	26	1.0	1/2	1/2	3/4	2	1	1/4		1/4	1		9	51	D#3	3	100
9	9	26	1.0	1/2	1/2	3/4	2	1	1/4		1/4	1		10	58	A#3	3	100
9	9	26	1.0	1/2	1/2	3/4	2	1	1/4		1/4	1		9	63	D#4	4	100
9	9	26	1.0	1/2	1/2	3/4	1	2	1/4		1/4	1		6	66	F#4	4	97
9	9	26	1.0	1/2	1/2	3/4	1	2	1/4		1/4	1		10	70	A#4	4	97
9	9	26	0.5	1/2	1/2	3/4	1	1	1/8		1/8	1	-1	7	73	C#5	5	93
9	9	53/2	0.5	5/8	5/8	3/4	1	1	1/8		1/8	1		6	78	F#5	5	94
10	10	27	1.0	0	0	3/4	2	1	1/4		1/4	1		3	57	A3	3	109
10	10	27	1.0	0	0	3/4	2	1	1/4		1/4	1		7	61	C#4	4	109
10	10	27	1.0	0	0	3/4	1	2	1/4		1/4	1		4	64	E4	4	106
10	10	27	1.0	0	0	3/4	1	2	1/4		1/4	1		3	69	A4	4	106
10	10	27	0.25	0	0	3/4	1	1	1/16		1/16	1		4	76	E5	5	101
10	10	109/4	0.25	1/16	1/16	3/4	1	1	1/16		1/16	1		9	75	D#5	5	102
10	10	55/2	0.5	1/8	1/8	3/4	1	1	1/8		1/8	1		7	73	C#5	5	103
10	10	28	1.0	1/4	1/4	3/4	2	1	1/4		1/4	1		6	54	F#3	3	110
10	10	28	1.0	1/4	1/4	3/4	2	1	1/4		1/4	1		10	58	A#3	3	110
10	10	28	1.0	1/4	1/4	3/4	2	1	1/4		1/4	1		7	61	C#4	4	110
10	10	28	1.0	1/4	1/4	3/4	1	2	1/4		1/4	1		6	66	F#4	4	107
10	10	28	1.0	1/4	1/4	3/4	1	2	1/4		1/4	1		10	70	A#4	4	107
10	10	28	1.5	1/4	1/4	3/4	1	1	3/8		1/4	3/2		7	73	C#5	5	104
10	10	29	1.0	1/2	1/2	3/4	2	1	1/4		1/4	1		9	51	D#3	3	111
10	10	29	1.0	1/2	1/2	3/4	2	1	1/4		1/4	1		10	58	A#3	3	111
10	10	29	1.0	1/2	1/2	3/4	2	1	1/4		1/4	1		9	63	D#4	4	111
10	10	29	1.0	1/2	1/2	3/4	1	2	1/4		1/4	1		6	66	F#4	4	108
10	10	29	1.0	1/2	1/2	3/4	1	2	1/4		1/4	1		10	70	A#4	4	108
10	10	59/2	0.5	5/8	5/8	3/4	1	1	1/8		1/8	1		9	75	D#5	5	105
11	11	30	0.5	0	0	3/4	2	1	1/8		1/8	1		6	42	F#2	2	123
11	11	30	0.5	0	0	3/4	2	1	1/8		1/8	1		7	49	C#3	3	123
11	11	30	0.5	0	0	3/4	2	1	1/8		1/8	1		4	52	E3	3	123
11	11	30	0.5	0	0	3/4	1	2	1/8		1/8	1		10	58	A#3	3	117
11	11	30	0.25	0	0	3/4	1	1	1/16		1/16	1		8	68	G#4	4	112
11	11	121/4	0.25	1/16	1/16	3/4	1	1	1/16		1/16	1		6	66	F#4	4	113
11	11	61/2	0.5	1/8	1/8	3/4	2	1	1/8		1/8	1		4	40	E2	2	124
11	11	61/2	0.5	1/8	1/8	3/4	2	1	1/8		1/8	1		5	47	B2	2	124
11	11	61/2	0.5	1/8	1/8	3/4	2	1	1/8		1/8	1		2	50	D3	3	124
11	11	61/2	0.5	1/8	1/8	3/4	1	2	1/8		1/8	1		8	56	G#3	3	118
11	11	61/2	0.5	1/8	1/8	3/4	1	1	1/8		1/8	1		4	64	E4	4	114
11	11	31	0.5	1/4	1/4	3/4	2	1	1/8		1/8	1		2	38	D2	2	125
11	11	31	0.5	1/4	1/4	3/4	2	1	1/8		1/8	1		3	45	A2	2	125
11	11	31	0.5	1/4	1/4	3/4	2	1	1/8		1/8	1		0	48	C3	3	125
11	11	31	0.5	1/4	1/4	3/4	1	2	1/8		1/8	1		6	54	F#3	3	119
11	11	31	1.5	1/4	1/4	3/4	1	1	3/8		1/4	3/2		4	64	E4	4	115
11	11	63/2	0.5	3/8	3/8	3/4	2	1	1/8		1/8	1		4	40	E2	2	126
11	11	63/2	0.5	3/8	3/8	3/4	2	1	1/8		1/8	1		5	47	B2	2	126
11	11	63/2	0.5	3/8	3/8	3/4	2	1	1/8		1/8	1		2	50	D3	3	126
11	11	63/2	0.5	3/8	3/8	3/4	1	2	1/8		1/8	1		8	56	G#3	3	120
11	11	32	0.5	1/2	1/2	3/4	2	1	1/8		1/8	1		6	42	F#2	2	127
11	11	32	0.5	1/2	1/2	3/4	2	1	1/8		1/8	1		7	49	C#3	3	127
11	11	32	0.5	1/2	1/2	3/4	2	1	1/8		1/8	1		4	52	E3	3	127
11	11	32	0.5	1/2	1/2	3/4	1	2	1/8		1/8	1		10	58	A#3	3	121
11	11	65/2	0.5	5/8	5/8	3/4	2	1	1/8		1/8	1		8	44	G#2	2	128
11	11	65/2	0.5	5/8	5/8	3/4	2	1	1/8		1/8	1		9	51	D#3	3	128
11	11	65/2	0.5	5/8	5/8	3/4	2	1	1/8		1/8	1		6	54	F#3	3	128
11	11	65/2	0.5	5/8	5/8	3/4	1	2	1/8		1/8	1		12	60	B#3	3	122
11	11	65/2	0.5	5/8	5/8	3/4	1	1	1/8		1/8	1		6	66	F#4	4	116
12	12	33	0.5	0	0	3/4	2	1	1/8		1/8	1		6	42	F#2	2	140
12	12	33	0.5	0	0	3/4	2	1	1/8		1/8	1		7	49	C#3	3	140
12	12	33	0.5	0	0	3/4	2	1	1/8		1/8	1		4	52	E3	3	140
12	12	33	0.5	0	0	3/4	1	2	1/8		1/8	1		10	58	A#3	3	134
12	12	33	0.25	0	0	3/4	1	1	1/16		1/16	1		8	68	G#4	4	129
12	12	133/4	0.25	1/16	1/16	3/4	1	1	1/16		1/16	1		6	66	F#4	4	130
12	12	67/2	0.5	1/8	1/8	3/4	2	1	1/8		1/8	1		4	40	E2	2	141
12	12	67/2	0.5	1/8	1/8	3/4	2	1	1/8		1/8	1		5	47	B2	2	141
12	12	67/2	0.5	1/8	1/8	3/4	2	1	1/8		1/8	1		2	50	D3	3	141
12	12	67/2	0.5	1/8	1/8	3/4	1	2	1/8		1/8	1		8	56	G#3	3	135
12	12	67/2	0.5	1/8	1/8	3/4	1	1	1/8		1/8	1		4	64	E4	4	131
12	12	34	0.5	1/4	1/4	3/4	2	1	1/8		1/8	1		2	38	D2	2	142
12	12	34	0.5	1/4	1/4	3/4	2	1	1/8		1/8	1		3	45	A2	2	142
12	12	34	0.5	1/4	1/4	3/4	2	1	1/8		1/8	1		0	48	C3	3	142
12	12	34	0.5	1/4	1/4	3/4	1	2	1/8		1/8	1		6	54	F#3	3	136
12	12	34	1.5	1/4	1/4	3/4	1	1	3/8		1/4	3/2		4	64	E4	4	132
12	12	69/2	0.5	3/8	3/8	3/4	2	1	1/8		1/8	1		4	40	E2	2	143
12	12	69/2	0.5	3/8	3/8	3/4	2	1	1/8		1/8	1		5	47	B2	2	143
12	12	69/2	0.5	3/8	3/8	3/4	2	1	1/8		1/8	1		2	50	D3	3	143
12	12	69/2	0.5	3/8	3/8	3/4	1	2	1/8		1/8	1		8	56	G#3	3	137
12	12	35	0.5	1/2	1/2	3/4	2	1	1/8		1/8	1		6	42	F#2	2	144
12	12	35	0.5	1/2	1/2	3/4	2	1	1/8		1/8	1		7	49	C#3	3	144
12	12	35	0.5	1/2	1/2	3/4	2	1	1/8		1/8	1		4	52	E3	3	144
12	12	35	0.5	1/2	1/2	3/4	1	2	1/8		1/8	1		10	58	A#3	3	138
12	12	71/2	0.5	5/8	5/8	3/4	2	1	1/8		1/8	1		8	44	G#2	2	145
12	12	71/2	0.5	5/8	5/8	3/4	2	1	1/8		1/8	1		9	51	D#3	3	145
12	12	71/2	0.5	5/8	5/8	3/4	2	1	1/8		1/8	1		6	54	F#3	3	145
12	12	71/2	0.5	5/8	5/8	3/4	1	2	1/8		1/8	1		12	60	B#3	3	139
12	12	71/2	0.5	5/8	5/8	3/4	1	1	1/8		1/8	1		6	66	F#4	4	133
13	13	36	1.5	0	0	3/4	2	2	3/8		1/4	3/2		10	46	A#2	2	158
13	13	36	1.5	0	0	3/4	1	2	3/8		1/4	3/2		4	52	E3	3	150
13	13	36	1.5	0	0	3/4	2	1	3/8		1/4	3/2		8	56	G#3	3	154
13	13	36	1.5	0	0	3/4	1	1	3/8		1/4	3/2		7	61	C#4	4	146
13	13	75/2	0.5	3/8	3/8	3/4	2	2	1/8		1/8	1		6	42	F#2	2	159
13	13	75/2	0.5	3/8	3/8	3/4	2	1	1/8		1/8	1		7	49	C#3	3	155
13	13	75/2	0.5	3/8	3/8	3/4	1	2	1/8		1/8	1		10	58	A#3	3	151
13	13	75/2	0.5	3/8	3/8	3/4	1	1	1/8		1/8	1		6	66	F#4	4	147
13	13	38	0.5	1/2	1/2	3/4	2	2	1/8		1/8	1		10	46	A#2	2	160
13	13	38	0.5	1/2	1/2	3/4	1	2	1/8		1/8	1		4	52	E3	3	152
13	13	38	0.5	1/2	1/2	3/4	2	1	1/8		1/8	1		8	56	G#3	3	156
13	13	38	0.5	1/2	1/2	3/4	1	1	1/8		1/8	1		7	61	C#4	4	148
13	13	77/2	0.5	5/8	5/8	3/4	2	2	1/8		1/8	1		6	42	F#2	2	161
13	13	77/2	0.5	5/8	5/8	3/4	2	1	1/8		1/8	1		7	49	C#3	3	157
13	13	77/2	0.5	5/8	5/8	3/4	1	2	1/8		1/8	1		10	58	A#3	3	153
13	13	77/2	0.5	5/8	5/8	3/4	1	1	1/8		1/8	1		6	66	F#4	4	149
14	14	39	0.5	0	0	3/4	2	2	1/8		1/8	1		10	46	A#2	2	171
14	14	39	0.5	0	0	3/4	1	2	1/8		1/8	1		4	52	E3	3	165
14	14	39	0.5	0	0	3/4	2	1	1/8		1/8	1		8	56	G#3	3	168
14	14	39	0.5	0	0	3/4	1	1	1/8		1/8	1		7	61	C#4	4	162
14	14	79/2	0.5	1/8	1/8	3/4	2	2	1/8		1/8	1		9	39	D#2	2	172
14	14	79/2	0.5	1/8	1/8	3/4	2	1	1/8		1/8	1		10	46	A#2	2	169
14	14	79/2	0.5	1/8	1/8	3/4	1	2	1/8		1/8	1		13	55	F##3	3	166
14	14	79/2	0.5	1/8	1/8	3/4	1	2	1/8		1/8	1		10	58	A#3	3	166
14	14	79/2	0.5	1/8	1/8	3/4	1	1	1/8		1/8	1		9	63	D#4	4	163
14	14	40	2.0	1/4	1/4	3/4	2	2	1/2		1/2	1		9	39	D#2	2	173
14	14	40	2.0	1/4	1/4	3/4	2	1	1/2		1/2	1		10	46	A#2	2	170
14	14	40	2.0	1/4	1/4	3/4	1	2	1/2		1/2	1		13	55	F##3	3	167
14	14	40	2.0	1/4	1/4	3/4	1	2	1/2		1/2	1		10	58	A#3	3	167
14	14	40	2.0	1/4	1/4	3/4	1	1	1/2		1/2	1		9	63	D#4	4	164
14	14	41	1.0	1/2	1/2	3/4	2	3	1/4		1/4	1		9	27	D#1	1	174
15	15	42	1.0	0	0	3/4	2	1	1/4		1/4	1		9	51	D#3	3	180
15	15	42	1.0	0	0	3/4	2	1	1/4		1/4	1		3	57	A3	3	180
15	15	42	1.0	0	0	3/4	2	1	1/4		1/4	1		7	61	C#4	4	180
15	15	42	1.0	0	0	3/4	1	1	1/4		1/4	1		6	66	F#4	4	175
15	15	42	1.0	0	0	3/4	1	1	1/4		1/4	1		7	73	C#5	5	175
15	15	42	1.0	0	0	3/4	1	1	1/4		1/4	1		6	78	F#5	5	175
15	15	43	1.0	1/4	1/4	3/4	2	1	1/4		1/4	1		6	54	F#3	3	181
15	15	43	1.0	1/4	1/4	3/4	2	1	1/4		1/4	1		7	61	C#4	4	181
15	15	43	1.0	1/4	1/4	3/4	2	1	1/4		1/4	1		4	64	E4	4	181
15	15	43	1.0	1/4	1/4	3/4	1	1	1/4		1/4	1		3	69	A4	4	176
15	15	43	1.0	1/4	1/4	3/4	1	1	1/4		1/4	1		4	76	E5	5	176
15	15	43	1.0	1/4	1/4	3/4	1	1	1/4		1/4	1		3	81	A5	5	176
15	15	44	0.3333333333333333	1/2	1/2	3/4	2	1	1/12		1/8	2/3		3	57	A3	3	182
15	15	44	0.3333333333333333	1/2	1/2	3/4	2	1	1/12		1/8	2/3		9	63	D#4	4	182
15	15	44	0.3333333333333333	1/2	1/2	3/4	2	1	1/12		1/8	2/3		6	66	F#4	4	182
15	15	44	0.3333333333333333	1/2	1/2	3/4	1	1	1/12		1/8	2/3		5	71	B4	4	177
15	15	44	0.3333333333333333	1/2	1/2	3/4	1	1	1/12		1/8	2/3		6	78	F#5	5	177
15	15	44	0.3333333333333333	1/2	1/2	3/4	1	1	1/12		1/8	2/3		5	83	B5	5	177
15	15	133/3	0.3333333333333333	7/12	7/12	3/4	2	1	1/12		1/8	2/3		6	54	F#3	3	183
15	15	133/3	0.3333333333333333	7/12	7/12	3/4	2	1	1/12		1/8	2/3		7	61	C#4	4	183
15	15	133/3	0.3333333333333333	7/12	7/12	3/4	2	1	1/12		1/8	2/3		4	64	E4	4	183
15	15	133/3	0.3333333333333333	7/12	7/12	3/4	1	1	1/12		1/8	2/3		3	69	A4	4	178
15	15	133/3	0.3333333333333333	7/12	7/12	3/4	1	1	1/12		1/8	2/3		4	76	E5	5	178
15	15	133/3	0.3333333333333333	7/12	7/12	3/4	1	1	1/12		1/8	2/3		3	81	A5	5	178
15	15	134/3	0.3333333333333333	2/3	2/3	3/4	2	1	1/12		1/8	2/3		9	51	D#3	3	184
15	15	134/3	0.3333333333333333	2/3	2/3	3/4	2	1	1/12		1/8	2/3		3	57	A3	3	184
15	15	134/3	0.3333333333333333	2/3	2/3	3/4	2	1	1/12		1/8	2/3		7	61	C#4	4	184
15	15	134/3	0.3333333333333333	2/3	2/3	3/4	1	1	1/12		1/8	2/3		6	66	F#4	4	179
15	15	134/3	0.3333333333333333	2/3	2/3	3/4	1	1	1/12		1/8	2/3		7	73	C#5	5	179
15	15	134/3	0.3333333333333333	2/3	2/3	3/4	1	1	1/12		1/8	2/3		6	78	F#5	5	179
16	16	45	0.5	0	0	3/4	2	1	1/8		1/8	1		4	52	E3	3	188
16	16	45	0.5	0	0	3/4	2	1	1/8		1/8	1		8	56	G#3	3	188
16	16	45	0.5	0	0	3/4	2	1	1/8		1/8	1		5	59	B3	3	188
16	16	45	0.5	0	0	3/4	1	1	1/8		1/8	1		4	64	E4	4	185
16	16	45	0.5	0	0	3/4	1	1	1/8		1/8	1		5	71	B4	4	185
16	16	45	0.5	0	0	3/4	1	1	1/8		1/8	1		4	76	E5	5	185
16	16	363/8	0.0625	3/32	3/32	3/4	2	2	1/64		1/64	1		8	44	G#2	2	191
16	16	727/16	0.0625	7/64	7/64	3/4	2	2	1/64		1/64	1		9	51	D#3	3	192
16	16	91/2	0.5	1/8	1/8	3/4	2	1	1/8		1/8	1		8	44	G#2	2	189
16	16	91/2	0.5	1/8	1/8	3/4	2	1	1/8		1/8	1		9	51	D#3	3	189
16	16	91/2	0.5	1/8	1/8	3/4	2	1	1/8		1/8	1		5	59	B3	3	189
16	16	91/2	0.5	1/8	1/8	3/4	1	1	1/8		1/8	1		8	68	G#4	4	186
16	16	91/2	0.5	1/8	1/8	3/4	1	1	1/8		1/8	1		9	75	D#5	5	186
16	16	91/2	0.5	1/8	1/8	3/4	1	1	1/8		1/8	1		8	80	G#5	5	186
16	16	46	2.0	1/4	1/4	3/4	2	1	1/2		1/2	1		8	56	G#3	3	190
16	16	46	2.0	1/4	1/4	3/4	2	1	1/2		1/2	1		5	59	B3	3	190
16	16	46	2.0	1/4	1/4	3/4	2	1	1/2		1/2	1		9	63	D#4	4	190
16	16	46	2.0	1/4	1/4	3/4	1	1	1/2		1/2	1		8	68	G#4	4	187
16	16	46	2.0	1/4	1/4	3/4	1	1	1/2		1/2	1		5	71	B4	4	187
16	16	46	2.0	1/4	1/4	3/4	1	1	1/2		1/2	1		9	75	D#5	5	187
16	16	46	2.0	1/4	1/4	3/4	1	1	1/2		1/2	1		8	80	G#5	5	187
17	17	48	1.0	0	0	3/4	2	1	1/4		1/4	1		9	51	D#3	3	200
17	17	48	1.0	0	0	3/4	2	1	1/4		1/4	1		3	57	A3	3	200
17	17	48	1.0	0	0	3/4	2	1	1/4		1/4	1		7	61	C#4	4	200
17	17	48	0.5	0	0	3/4	1	1	1/8		1/8	1		6	66	F#4	4	193
17	17	48	1.0	0	0	3/4	1	2	1/4		1/4	1		7	73	C#5	5	199
17	17	48	0.5	0	0	3/4	1	1	1/8		1/8	1		6	78	F#5	5	193
17	17	97/2	0.5	1/8	1/8	3/4	1	1	1/8		1/8	1		8	68	G#4	4	194
17	17	97/2	0.5	1/8	1/8	3/4	1	1	1/8		1/8	1		8	80	G#5	5	194
17	17	49	1.0	1/4	1/4	3/4	2	1	1/4		1/4	1		6	54	F#3	3	201
17	17	49	1.0	1/4	1/4	3/4	2	1	1/4		1/4	1		7	61	C#4	4	201
17	17	49	1.0	1/4	1/4	3/4	2	1	1/4		1/4	1		4	64	E4	4	201
17	17	49	1.0	1/4	1/4	3/4	1	1	1/4		1/4	1		3	69	A4	4	195
17	17	49	1.0	1/4	1/4	3/4	1	1	1/4		1/4	1		4	76	E5	5	195
17	17	49	1.0	1/4	1/4	3/4	1	1	1/4		1/4	1		3	81	A5	5	195
17	17	50	0.3333333333333333	1/2	1/2	3/4	2	1	1/12		1/8	2/3		3	57	A3	3	202
17	17	50	0.3333333333333333	1/2	1/2	3/4	2	1	1/12		1/8	2/3		9	63	D#4	4	202
17	17	50	0.3333333333333333	1/2	1/2	3/4	2	1	1/12		1/8	2/3		6	66	F#4	4	202
17	17	50	0.3333333333333333	1/2	1/2	3/4	1	1	1/12		1/8	2/3		5	71	B4	4	196
17	17	50	0.3333333333333333	1/2	1/2	3/4	1	1	1/12		1/8	2/3		6	78	F#5	5	196
17	17	50	0.3333333333333333	1/2	1/2	3/4	1	1	1/12		1/8	2/3		5	83	B5	5	196
17	17	151/3	0.3333333333333333	7/12	7/12	3/4	2	1	1/12		1/8	2/3		6	54	F#3	3	203
17	17	151/3	0.3333333333333333	7/12	7/12	3/4	2	1	1/12		1/8	2/3		7	61	C#4	4	203
17	17	151/3	0.3333333333333333	7/12	7/12	3/4	2	1	1/12		1/8	2/3		4	64	E4	4	203
17	17	151/3	0.3333333333333333	7/12	7/12	3/4	1	1	1/12		1/8	2/3		3	69	A4	4	197
17	17	151/3	0.3333333333333333	7/12	7/12	3/4	1	1	1/12		1/8	2/3		4	76	E5	5	197
17	17	151/3	0.3333333333333333	7/12	7/12	3/4	1	1	1/12		1/8	2/3		3	81	A5	5	197
17	17	152/3	0.3333333333333333	2/3	2/3	3/4	2	1	1/12		1/8	2/3		9	51	D#3	3	204
17	17	152/3	0.3333333333333333	2/3	2/3	3/4	2	1	1/12		1/8	2/3		3	57	A3	3	204
17	17	152/3	0.3333333333333333	2/3	2/3	3/4	2	1	1/12		1/8	2/3		7	61	C#4	4	204
17	17	152/3	0.3333333333333333	2/3	2/3	3/4	1	1	1/12		1/8	2/3		6	66	F#4	4	198
17	17	152/3	0.3333333333333333	2/3	2/3	3/4	1	1	1/12		1/8	2/3		7	73	C#5	5	198
17	17	152/3	0.3333333333333333	2/3	2/3	3/4	1	1	1/12		1/8	2/3		6	78	F#5	5	198
18	18	51	0.5	0	0	3/4	2	1	1/8		1/8	1		4	52	E3	3	208
18	18	51	0.5	0	0	3/4	2	1	1/8		1/8	1		8	56	G#3	3	208
18	18	51	0.5	0	0	3/4	2	1	1/8		1/8	1		5	59	B3	3	208
18	18	51	0.5	0	0	3/4	1	1	1/8		1/8	1		4	64	E4	4	205
18	18	51	0.5	0	0	3/4	1	1	1/8		1/8	1		5	71	B4	4	205
18	18	51	0.5	0	0	3/4	1	1	1/8		1/8	1		4	76	E5	5	205
18	18	411/8	0.0625	3/32	3/32	3/4	2	2	1/64		1/64	1		8	44	G#2	2	211
18	18	823/16	0.0625	7/64	7/64	3/4	2	2	1/64		1/64	1		9	51	D#3	3	212
18	18	103/2	0.5	1/8	1/8	3/4	2	1	1/8		1/8	1		8	44	G#2	2	209
18	18	103/2	0.5	1/8	1/8	3/4	2	1	1/8		1/8	1		9	51	D#3	3	209
18	18	103/2	0.5	1/8	1/8	3/4	2	1	1/8		1/8	1		5	59	B3	3	209
18	18	103/2	0.5	1/8	1/8	3/4	1	1	1/8		1/8	1		8	68	G#4	4	206
18	18	103/2	0.5	1/8	1/8	3/4	1	1	1/8		1/8	1		9	75	D#5	5	206
18	18	103/2	0.5	1/8	1/8	3/4	1	1	1/8		1/8	1		8	80	G#5	5	206
18	18	52	2.0	1/4	1/4	3/4	2	1	1/2		1/2	1		8	56	G#3	3	210
18	18	52	2.0	1/4	1/4	3/4	2	1	1/2		1/2	1		5	59	B3	3	210
18	18	52	2.0	1/4	1/4	3/4	2	1	1/2		1/2	1		9	63	D#4	4	210
18	18	52	2.0	1/4	1/4	3/4	1	1	1/2		1/2	1		8	68	G#4	4	207
18	18	52	2.0	1/4	1/4	3/4	1	1	1/2		1/2	1		5	71	B4	4	207
18	18	52	2.0	1/4	1/4	3/4	1	1	1/2		1/2	1		9	75	D#5	5	207
18	18	52	2.0	1/4	1/4	3/4	1	1	1/2		1/2	1		8	80	G#5	5	207
18	18	215/4	0.08333333333333333	11/16	11/16	3/4	2	2	1/48		1/32	2/3		7	49	C#3	3	213
18	18	323/6	0.08333333333333333	17/24	17/24	3/4	2	2	1/48		1/32	2/3		8	56	G#3	3	214
18	18	647/12	0.08333333333333333	35/48	35/48	3/4	2	2	1/48		1/32	2/3		7	61	C#4	4	215
19	19	54	0.75	0	0	3/4	2	1	3/16		1/8	3/2		7	49	C#3	3	225
19	19	54	0.75	0	0	3/4	2	1	3/16		1/8	3/2		8	56	G#3	3	225
19	19	54	0.75	0	0	3/4	2	1	3/16		1/8	3/2		7	61	C#4	4	225
19	19	54	0.75	0	0	3/4	2	1	3/16		1/8	3/2		4	64	E4	4	225
19	19	54	0.5	0	0	3/4	1	1	1/8		1/8	1		8	68	G#4	4	216
19	19	54	1.0	0	0	3/4	1	2	1/4		1/4	1		7	73	C#5	5	222
19	19	54	1.0	0	0	3/4	1	2	1/4		1/4	1		4	76	E5	5	222
19	19	54	0.5	0	0	3/4	1	1	1/8		1/8	1		8	80	G#5	5	216
19	19	109/2	0.5	1/8	1/8	3/4	1	1	1/8		1/8	1		5	71	B4	4	217
19	19	109/2	0.5	1/8	1/8	3/4	1	1	1/8		1/8	1		5	83	B5	5	217
19	19	219/4	0.0625	3/16	3/16	3/4	2	1	1/64		1/64	1		5	47	B2	2	226
19	19	877/16	0.0625	13/64	13/64	3/4	2	1	1/64		1/64	1		6	54	F#3	3	227
19	19	439/8	0.0625	7/32	7/32	3/4	2	1	1/64		1/64	1		5	59	B3	3	228
19	19	879/16	0.0625	15/64	15/64	3/4	2	1	1/64		1/64	1		9	63	D#4	4	229
19	19	55	0.75	1/4	1/4	3/4	2	1	3/16		1/8	3/2		5	47	B2	2	230
19	19	55	0.75	1/4	1/4	3/4	2	1	3/16		1/8	3/2		6	54	F#3	3	230
19	19	55	0.75	1/4	1/4	3/4	2	1	3/16		1/8	3/2		5	59	B3	3	230
19	19	55	0.75	1/4	1/4	3/4	2	1	3/16		1/8	3/2		9	63	D#4	4	230
19	19	55	0.75	1/4	1/4	3/4	2	1	3/16		1/8	3/2		6	66	F#4	4	230
19	19	55	1.0	1/4	1/4	3/4	1	1	1/4		1/4	1		5	71	B4	4	218
19	19	55	1.0	1/4	1/4	3/4	1	2	1/4		1/4	1		9	75	D#5	5	223
19	19	55	1.0	1/4	1/4	3/4	1	2	1/4		1/4	1		6	78	F#5	5	223
19	19	55	1.0	1/4	1/4	3/4	1	1	1/4		1/4	1		5	83	B5	5	218
19	19	223/4	0.05	7/16	7/16	3/4	2	1	1/80		1/64	4/5		3	45	A2	2	231
19	19	279/5	0.05	9/20	9/20	3/4	2	1	1/80		1/64	4/5		4	52	E3	3	232
19	19	1117/20	0.05	37/80	37/80	3/4	2	1	1/80		1/64	4/5		3	57	A3	3	233
19	19	559/10	0.05	19/40	19/40	3/4	2	1	1/80		1/64	4/5		7	61	C#4	4	234
19	19	1119/20	0.05	39/80	39/80	3/4	2	1	1/80		1/64	4/5		4	64	E4	4	235
19	19	56	1.0	1/2	1/2	3/4	2	1	1/4		1/4	1		3	45	A2	2	236
19	19	56	1.0	1/2	1/2	3/4	2	1	1/4		1/4	1		4	52	E3	3	236
19	19	56	1.0	1/2	1/2	3/4	2	1	1/4		1/4	1		3	57	A3	3	236
19	19	56	1.0	1/2	1/2	3/4	2	1	1/4		1/4	1		7	61	C#4	4	236
19	19	56	1.0	1/2	1/2	3/4	2	1	1/4		1/4	1		4	64	E4	4	236
19	19	56	1.0	1/2	1/2	3/4	2	1	1/4		1/4	1		3	69	A4	4	236
19	19	56	0.25	1/2	1/2	3/4	1	1	1/16		1/16	1		7	73	C#5	5	219
19	19	56	1.0	1/2	1/2	3/4	1	2	1/4		1/4	1		4	76	E5	5	224
19	19	56	0.25	1/2	1/2	3/4	1	1	1/16		1/16	1		7	85	C#6	6	219
19	19	225/4	0.25	9/16	9/16	3/4	1	1	1/16		1/16	1		5	71	B4	4	220
19	19	225/4	0.25	9/16	9/16	3/4	1	1	1/16		1/16	1		5	83	B5	5	220
19	19	113/2	0.5	5/8	5/8	3/4	1	1	1/8		1/8	1		3	69	A4	4	221
19	19	113/2	0.5	5/8	5/8	3/4	1	1	1/8		1/8	1		3	81	A5	5	221
20	20	57	0.5	0	0	3/4	2	1	1/8		1/8	1		8	32	G#1	1	237
20	20	57	0.5	0	0	3/4	2	1	1/8		1/8	1		8	44	G#2	2	237
20	20	115/2	0.5	1/8	1/8	3/4	2	1	1/8		1/8	1		5	35	B1	1	238
20	20	115/2	0.5	1/8	1/8	3/4	2	1	1/8		1/8	1		5	47	B2	2	238
20	20	58	1.0	1/4	1/4	3/4	2	1	1/4		1/4	1		5	35	B1	1	239
20	20	58	1.0	1/4	1/4	3/4	2	1	1/4		1/4	1		5	47	B2	2	239
20	20	59	0.25	1/2	1/2	3/4	2	2	1/16		1/16	1		7	37	C#2	2	243
20	20	59	0.25	1/2	1/2	3/4	2	1	1/16		1/16	1		7	49	C#3	3	240
20	20	237/4	0.25	9/16	9/16	3/4	2	2	1/16		1/16	1		5	35	B1	1	244
20	20	237/4	0.25	9/16	9/16	3/4	2	1	1/16		1/16	1		5	47	B2	2	241
20	20	119/2	0.5	5/8	5/8	3/4	2	2	1/8		1/8	1		3	33	A1	1	245
20	20	119/2	0.5	5/8	5/8	3/4	2	1	1/8		1/8	1		3	45	A2	2	242
21	21	60	0.5	0	0	3/4	2	2	1/8		1/8	1		8	32	G#1	1	250
21	21	60	0.5	0	0	3/4	2	1	1/8		1/8	1		8	44	G#2	2	246
21	21	121/2	0.5	1/8	1/8	3/4	2	2	1/8		1/8	1		4	28	E1	1	251
21	21	121/2	0.5	1/8	1/8	3/4	2	1	1/8		1/8	1		4	40	E2	2	247
21	21	61	1.0	1/4	1/4	3/4	2	2	1/4		1/4	1		4	28	E1	1	252
21	21	61	1.0	1/4	1/4	3/4	2	1	1/4		1/4	1		4	40	E2	2	248
21	21	62	1.0	1/2	1/2	3/4	2	2	1/4		1/4	1		6	30	F#1	1	253
21	21	62	1.0	1/2	1/2	3/4	2	1	1/4		1/4	1		6	42	F#2	2	249
22	22	63	3.0	0	0	3/4	2	2	3/4		1/2	3/2		7	25	C#1	1	255
22	22	63	3.0	0	0	3/4	2	1	3/4		1/2	3/2		7	37	C#2	2	254
23	23	66	1.0	0	0	3/4	2	1	1/4		1/4	1		8	44	G#2	2	264
23	23	66	1.0	0	0	3/4	2	1	1/4		1/4	1		7	49	C#3	3	264
23	23	66	1.0	0	0	3/4	1	2	1/4		1/4	1		6	54	F#3	3	259
23	23	66	1.0	0	0	3/4	1	2	1/4		1/4	1		5	59	B3	3	259
23	23	66	1.0	0	0	3/4	1	1	1/4		1/4	1		7	61	C#4	4	256
23	23	67	1.0	1/4	1/4	3/4	2	1	1/4		1/4	1		8	44	G#2	2	265
23	23	67	1.0	1/4	1/4	3/4	2	1	1/4		1/4	1		7	49	C#3	3	265
23	23	67	1.0	1/4	1/4	3/4	1	2	1/4		1/4	1		6	54	F#3	3	260
23	23	67	1.0	1/4	1/4	3/4	1	2	1/4		1/4	1		5	59	B3	3	260
23	23	67	1.0	1/4	1/4	3/4	1	1	1/4		1/4	1		7	61	C#4	4	257
23	23	68	1.0	1/2	1/2	3/4	2	1	1/4		1/4	1		5	47	B2	2	266
23	23	68	1.0	1/2	1/2	3/4	2	1	1/4		1/4	1		4	52	E3	3	266
23	23	68	0.5	1/2	1/2	3/4	1	2	1/8		1/8	1		3	57	A3	3	261
23	23	68	1.0	1/2	1/2	3/4	1	1	1/4		1/4	1		2	62	D4	4	258
23	23	68	1.0	1/2	1/2	3/4	1	1	1/4		1/4	1		4	64	E4	4	258
23	23	137/2	0.25	5/8	5/8	3/4	1	2	1/16		1/16	1		8	56	G#3	3	262
23	23	275/4	0.25	11/16	11/16	3/4	1	2	1/16		1/16	1		1	55	G3	3	263
24	24	69	1.0	0	0	3/4	2	1	1/4		1/4	1		8	44	G#2	2	271
24	24	69	1.0	0	0	3/4	2	1	1/4		1/4	1		7	49	C#3	3	271
24	24	69	1.0	0	0	3/4	1	2	1/4		1/4	1		6	54	F#3	3	269
24	24	69	1.0	0	0	3/4	1	1	1/4		1/4	1		5	59	B3	3	267
24	24	69	1.0	0	0	3/4	1	1	1/4		1/4	1		7	61	C#4	4	267
24	24	70	2.0	1/4	1/4	3/4	2	1	1/2		1/2	1		8	44	G#2	2	272
24	24	70	2.0	1/4	1/4	3/4	2	1	1/2		1/2	1		7	49	C#3	3	272
24	24	70	2.0	1/4	1/4	3/4	1	2	1/2		1/2	1		6	54	F#3	3	270
24	24	70	2.0	1/4	1/4	3/4	1	1	1/2		1/2	1		5	59	B3	3	268
24	24	70	2.0	1/4	1/4	3/4	1	1	1/2		1/2	1		7	61	C#4	4	268
24	24	141/2	1.0	3/8	3/8	3/4	2	2	1/4		1/4	1		7	37	C#2	2	273
24	24	143/2	0.5	5/8	5/8	3/4	2	2	1/8		1/8	1		8	32	G#1	1	274
25	25	72	1.0	0	0	3/4	2	2	1/4		1/4	1		7	25	C#1	1	287
25	25	72	1.0	0	0	3/4	1	2	1/4		1/4	1		6	54	F#3	3	279
25	25	72	1.0	0	0	3/4	1	2	1/4		1/4	1		5	59	B3	3	279
25	25	72	1.0	0	0	3/4	1	1	1/4		1/4	1		7	61	C#4	4	275
25	25	73	1.0	1/4	1/4	3/4	2	1	1/4		1/4	1		8	44	G#2	2	285
25	25	73	1.0	1/4	1/4	3/4	2	1	1/4		1/4	1		7	49	C#3	3	285
25	25	73	1.0	1/4	1/4	3/4	1	2	1/4		1/4	1		6	54	F#3	3	280
25	25	73	1.0	1/4	1/4	3/4	1	2	1/4		1/4	1		5	59	B3	3	280
25	25	73	1.0	1/4	1/4	3/4	1	1	1/4		1/4	1		7	61	C#4	4	276
25	25	74	1.0	1/2	1/2	3/4	2	1	1/4		1/4	1		5	47	B2	2	286
25	25	74	1.0	1/2	1/2	3/4	2	1	1/4		1/4	1		4	52	E3	3	286
25	25	74	0.5	1/2	1/2	3/4	1	2	1/8		1/8	1		3	57	A3	3	281
25	25	74	1.0	1/2	1/2	3/4	1	3	1/4		1/4	1		2	62	D4	4	284
25	25	74	0.5	1/2	1/2	3/4	1	1	1/8		1/8	1		4	64	E4	4	277
25	25	149/2	0.25	5/8	5/8	3/4	1	2	1/16		1/16	1		8	56	G#3	3	282
25	25	149/2	0.5	5/8	5/8	3/4	1	1	1/8		1/8	1		6	66	F#4	4	278
25	25	299/4	0.25	11/16	11/16	3/4	1	2	1/16		1/16	1		1	55	G3	3	283
26	26	75	1.0	0	0	3/4	2	1	1/4		1/4	1		8	44	G#2	2	292
26	26	75	1.0	0	0	3/4	2	1	1/4		1/4	1		7	49	C#3	3	292
26	26	75	1.0	0	0	3/4	1	2	1/4		1/4	1		6	54	F#3	3	290
26	26	75	1.0	0	0	3/4	1	1	1/4		1/4	1		5	59	B3	3	288
26	26	75	1.0	0	0	3/4	1	1	1/4		1/4	1		7	61	C#4	4	288
26	26	76	2.0	1/4	1/4	3/4	2	1	1/2		1/2	1		8	44	G#2	2	293
26	26	76	2.0	1/4	1/4	3/4	2	1	1/2		1/2	1		7	49	C#3	3	293
26	26	76	2.0	1/4	1/4	3/4	1	2	1/2		1/2	1		6	54	F#3	3	291
26	26	76	2.0	1/4	1/4	3/4	1	1	1/2		1/2	1		5	59	B3	3	289
26	26	76	2.0	1/4	1/4	3/4	1	1	1/2		1/2	1		7	61	C#4	4	289
26	26	153/2	1.0	3/8	3/8	3/4	2	2	1/4		1/4	1		7	37	C#2	2	294
26	26	155/2	0.5	5/8	5/8	3/4	2	2	1/8		1/8	1		8	32	G#1	1	295
27	27	78	1.0	0	0	3/4	2	1	1/4		1/4	1		5	47	B2	2	304
27	27	78	1.0	0	0	3/4	2	1	1/4		1/4	1		4	52	E3	3	304
27	27	78	1.0	0	0	3/4	1	2	1/4		1/4	1		3	57	A3	3	299
27	27	78	1.0	0	0	3/4	1	1	1/4		1/4	1		2	62	D4	4	296
27	27	78	1.0	0	0	3/4	1	1	1/4		1/4	1		4	64	E4	4	296
27	27	79	1.0	1/4	1/4	3/4	2	1	1/4		1/4	1		5	47	B2	2	305
27	27	79	1.0	1/4	1/4	3/4	2	1	1/4		1/4	1		4	52	E3	3	305
27	27	79	1.0	1/4	1/4	3/4	1	2	1/4		1/4	1		3	57	A3	3	300
27	27	79	1.0	1/4	1/4	3/4	1	1	1/4		1/4	1		2	62	D4	4	297
27	27	79	1.0	1/4	1/4	3/4	1	1	1/4		1/4	1		4	64	E4	4	297
27	27	80	1.0	1/2	1/2	3/4	2	1	1/4		1/4	1		2	50	D3	3	306
27	27	80	1.0	1/2	1/2	3/4	2	1	1/4		1/4	1		1	55	G3	3	306
27	27	80	0.5	1/2	1/2	3/4	1	2	1/8		1/8	1		0	60	C4	4	301
27	27	80	1.0	1/2	1/2	3/4	1	1	1/4		1/4	1		-1	65	F4	4	298
27	27	80	1.0	1/2	1/2	3/4	1	1	1/4		1/4	1		1	67	G4	4	298
27	27	161/2	0.25	5/8	5/8	3/4	1	2	1/16		1/16	1		5	59	B3	3	302
27	27	323/4	0.25	11/16	11/16	3/4	1	2	1/16		1/16	1		-2	58	Bb3	3	303
28	28	81	1.0	0	0	3/4	2	1	1/4		1/4	1		5	47	B2	2	316
28	28	81	1.0	0	0	3/4	2	1	1/4		1/4	1		4	52	E3	3	316
28	28	81	1.0	0	0	3/4	1	2	1/4		1/4	1		3	57	A3	3	311
28	28	81	1.0	0	0	3/4	1	1	1/4		1/4	1		2	62	D4	4	307
28	28	81	1.0	0	0	3/4	1	1	1/4		1/4	1		4	64	E4	4	307
28	28	82	1.0	1/4	1/4	3/4	2	1	1/4		1/4	1		5	47	B2	2	317
28	28	82	1.0	1/4	1/4	3/4	2	1	1/4		1/4	1		4	52	E3	3	317
28	28	82	1.0	1/4	1/4	3/4	1	2	1/4		1/4	1		3	57	A3	3	312
28	28	82	1.0	1/4	1/4	3/4	1	1	1/4		1/4	1		2	62	D4	4	308
28	28	82	1.0	1/4	1/4	3/4	1	1	1/4		1/4	1		4	64	E4	4	308
28	28	83	1.0	1/2	1/2	3/4	2	1	1/4		1/4	1		2	50	D3	3	318
28	28	83	1.0	1/2	1/2	3/4	2	1	1/4		1/4	1		1	55	G3	3	318
28	28	83	0.5	1/2	1/2	3/4	1	2	1/8		1/8	1		0	60	C4	4	313
28	28	83	1.0	1/2	1/2	3/4	1	3	1/4		1/4	1		-1	65	F4	4	315
28	28	83	0.5	1/2	1/2	3/4	1	1	1/8		1/8	1		1	67	G4	4	309
28	28	167/2	0.5	5/8	5/8	3/4	1	2	1/8		1/8	1		5	59	B3	3	314
28	28	167/2	0.5	5/8	5/8	3/4	1	1	1/8		1/8	1		3	69	A4	4	310
29	29	84	1.0	0	0	3/4	2	1	1/4		1/4	1		9	39	D#2	2	327
29	29	84	1.0	0	0	3/4	2	1	1/4		1/4	1		8	44	G#2	2	327
29	29	84	1.0	0	0	3/4	2	1	1/4		1/4	1		6	54	F#3	3	327
29	29	84	1.0	0	0	3/4	1	2	1/4		1/4	1		10	58	A#3	3	324
29	29	84	1.0	0	0	3/4	1	1	1/4		1/4	1		9	63	D#4	4	319
29	29	84	1.0	0	0	3/4	1	1	1/4		1/4	1		8	68	G#4	4	319
29	29	84	1.0	0	0	3/4	1	1	1/4		1/4	1		10	70	A#4	4	319
29	29	85	1.0	1/4	1/4	3/4	2	1	1/4		1/4	1		6	42	F#2	2	328
29	29	85	1.0	1/4	1/4	3/4	2	1	1/4		1/4	1		7	49	C#3	3	328
29	29	85	1.0	1/4	1/4	3/4	2	1	1/4		1/4	1		6	54	F#3	3	328
29	29	85	1.0	1/4	1/4	3/4	1	2	1/4		1/4	1		10	58	A#3	3	325
29	29	85	1.0	1/4	1/4	3/4	1	1	1/4		1/4	1		7	61	C#4	4	320
29	29	85	1.0	1/4	1/4	3/4	1	1	1/4		1/4	1		6	66	F#4	4	320
29	29	85	1.0	1/4	1/4	3/4	1	1	1/4		1/4	1		10	70	A#4	4	320
29	29	86	1.0	1/2	1/2	3/4	2	1	1/4		1/4	1		8	44	G#2	2	329
29	29	86	1.0	1/2	1/2	3/4	2	1	1/4		1/4	1		9	51	D#3	3	329
29	29	86	1.0	1/2	1/2	3/4	2	1	1/4		1/4	1		8	56	G#3	3	329
29	29	86	0.5	1/2	1/2	3/4	1	1	1/8		1/8	1		9	63	D#4	4	321
29	29	86	1.0	1/2	1/2	3/4	1	2	1/4		1/4	1		6	66	F#4	4	326
29	29	86	1.0	1/2	1/2	3/4	1	2	1/4		1/4	1		10	70	A#4	4	326
29	29	86	0.5	1/2	1/2	3/4	1	1	1/8		1/8	1		9	75	D#5	5	321
29	29	173/2	0.25	5/8	5/8	3/4	1	1	1/16		1/16	1		7	61	C#4	4	322
29	29	173/2	0.25	5/8	5/8	3/4	1	1	1/16		1/16	1		7	73	C#5	5	322
29	29	347/4	0.25	11/16	11/16	3/4	1	1	1/16		1/16	1		12	60	B#3	3	323
29	29	347/4	0.25	11/16	11/16	3/4	1	1	1/16		1/16	1		12	72	B#4	4	323
30	30	87	1.0	0	0	3/4	2	1	1/4		1/4	1		9	39	D#2	2	339
30	30	87	1.0	0	0	3/4	2	1	1/4		1/4	1		8	44	G#2	2	339
30	30	87	1.0	0	0	3/4	2	1	1/4		1/4	1		6	54	F#3	3	339
30	30	87	0.5	0	0	3/4	1	1	1/8		1/8	1		10	58	A#3	3	330
30	30	87	1.0	0	0	3/4	1	2	1/4		1/4	1		9	63	D#4	4	336
30	30	87	1.0	0	0	3/4	1	2	1/4		1/4	1		8	68	G#4	4	336
30	30	87	0.5	0	0	3/4	1	1	1/8		1/8	1		10	70	A#4	4	330
30	30	175/2	0.5	1/8	1/8	3/4	1	1	1/8		1/8	1		12	60	B#3	3	331
30	30	175/2	0.5	1/8	1/8	3/4	1	1	1/8		1/8	1		12	72	B#4	4	331
30	30	88	1.0	1/4	1/4	3/4	2	1	1/4		1/4	1		6	42	F#2	2	340
30	30	88	1.0	1/4	1/4	3/4	2	1	1/4		1/4	1		7	49	C#3	3	340
30	30	88	1.0	1/4	1/4	3/4	2	1	1/4		1/4	1		10	58	A#3	3	340
30	30	88	0.5	1/4	1/4	3/4	1	1	1/8		1/8	1		7	61	C#4	4	332
30	30	88	1.0	1/4	1/4	3/4	1	2	1/4		1/4	1		6	66	F#4	4	337
30	30	88	1.0	1/4	1/4	3/4	1	2	1/4		1/4	1		10	70	A#4	4	337
30	30	88	0.5	1/4	1/4	3/4	1	1	1/8		1/8	1		7	73	C#5	5	332
30	30	177/2	0.5	3/8	3/8	3/4	1	1	1/8		1/8	1		9	63	D#4	4	333
30	30	177/2	0.5	3/8	3/8	3/4	1	1	1/8		1/8	1		9	75	D#5	5	333
30	30	89	1.0	1/2	1/2	3/4	2	1	1/4		1/4	1		10	46	A#2	2	341
30	30	89	1.0	1/2	1/2	3/4	2	1	1/4		1/4	1		11	53	E#3	3	341
30	30	89	1.0	1/2	1/2	3/4	2	1	1/4		1/4	1		7	61	C#4	4	341
30	30	89	0.5	1/2	1/2	3/4	1	1	1/8		1/8	1		11	65	E#4	4	334
30	30	89	1.0	1/2	1/2	3/4	1	2	1/4		1/4	1		10	70	A#4	4	338
30	30	89	0.5	1/2	1/2	3/4	1	1	1/8		1/8	1		11	77	E#5	5	334
30	30	179/2	0.5	5/8	5/8	3/4	1	1	1/8		1/8	1		7	61	C#4	4	335
30	30	179/2	0.5	5/8	5/8	3/4	1	1	1/8		1/8	1		7	73	C#5	5	335
31	31	90	0.5	0	0	3/4	2	2	1/8		1/8	1		8	56	G#3	3	354
31	31	90	1.0	0	0	3/4	2	1	1/4		1/4	1		5	59	B3	3	351
31	31	90	1.0	0	0	3/4	1	2	1/4		1/4	1		9	63	D#4	4	348
31	31	90	0.5	0	0	3/4	1	1	1/8		1/8	1		11	65	E#4	4	342
31	31	181/2	0.5	1/8	1/8	3/4	2	2	1/8		1/8	1		11	53	E#3	3	355
31	31	181/2	0.5	1/8	1/8	3/4	1	1	1/8		1/8	1		8	68	G#4	4	343
31	31	91	1.0	1/4	1/4	3/4	2	2	1/4		1/4	1		4	52	E3	3	356
31	31	91	1.0	1/4	1/4	3/4	2	1	1/4		1/4	1		8	56	G#3	3	352
31	31	91	1.0	1/4	1/4	3/4	1	2	1/4		1/4	1		14	62	C##4	4	349
31	31	91	1.0	1/4	1/4	3/4	1	2	1/4		1/4	1		6	66	F#4	4	349
31	31	91	1.0	1/4	1/4	3/4	1	1	1/4		1/4	1		7	73	C#5	5	344
31	31	92	1.0	1/2	1/2	3/4	2	1	1/4		1/4	1		8	44	G#2	2	353
31	31	92	1.0	1/2	1/2	3/4	2	2	1/4		1/4	1		9	51	D#3	3	357
31	31	92	1.0	1/2	1/2	3/4	2	1	1/4		1/4	1		8	56	G#3	3	353
31	31	92	1.0	1/2	1/2	3/4	1	2	1/4		1/4	1		5	59	B3	3	350
31	31	92	1.0	1/2	1/2	3/4	1	2	1/4		1/4	1		9	63	D#4	4	350
31	31	92	0.25	1/2	1/2	3/4	1	1	1/16		1/16	1		5	71	B4	4	345
31	31	369/4	0.25	9/16	9/16	3/4	1	1	1/16		1/16	1		10	70	A#4	4	346
31	31	185/2	0.5	5/8	5/8	3/4	1	1	1/8		1/8	1		8	68	G#4	4	347
32	32	93	3.0	0	0	3/4	2	1	3/4		1/2	3/2		4	40	E2	2	360
32	32	93	3.0	0	0	3/4	2	1	3/4		1/2	3/2		5	47	B2	2	360
32	32	93	3.0	0	0	3/4	2	1	3/4		1/2	3/2		4	52	E3	3	360
32	32	93	3.0	0	0	3/4	1	2	3/4		1/2	3/2		8	56	G#3	3	359
32	32	93	3.0	0	0	3/4	1	2	3/4		1/2	3/2		5	59	B3	3	359
32	32	93	3.0	0	0	3/4	1	1	3/4		1/2	3/2		4	64	E4	4	358
32	32	93	3.0	0	0	3/4	1	1	3/4		1/2	3/2		8	68	G#4	4	358
32	32	187/2	1.0	1/8	1/8	3/4	2	2	1/4		1/4	1		5	35	B1	1	361
32	32	189/2	0.5	3/8	3/8	3/4	2	2	1/8		1/8	1		4	28	E1	1	362
32	32	95	1.0	1/2	1/2	3/4	2	2	1/4		1/4	1		4	28	E1	1	363
33	33	96	1.0	0	0	3/4	2	1	1/4		1/4	1		5	35	B1	1	370
33	33	96	1.0	0	0	3/4	2	1	1/4		1/4	1		4	40	E2	2	370
33	33	96	1.0	0	0	3/4	2	1	1/4		1/4	1		2	50	D3	3	370
33	33	96	1.0	0	0	3/4	1	1	1/4		1/4	1		6	54	F#3	3	364
33	33	96	1.0	0	0	3/4	1	1	1/4		1/4	1		5	59	B3	3	364
33	33	96	1.0	0	0	3/4	1	1	1/4		1/4	1		4	64	E4	4	364
33	33	96	1.0	0	0	3/4	1	1	1/4		1/4	1		6	66	F#4	4	364
33	33	97	1.0	1/4	1/4	3/4	2	1	1/4		1/4	1		2	38	D2	2	371
33	33	97	1.0	1/4	1/4	3/4	2	1	1/4		1/4	1		3	45	A2	2	371
33	33	97	1.0	1/4	1/4	3/4	2	1	1/4		1/4	1		2	50	D3	3	371
33	33	97	1.0	1/4	1/4	3/4	1	1	1/4		1/4	1		6	54	F#3	3	365
33	33	97	1.0	1/4	1/4	3/4	1	1	1/4		1/4	1		3	57	A3	3	365
33	33	97	1.0	1/4	1/4	3/4	1	1	1/4		1/4	1		2	62	D4	4	365
33	33	97	1.0	1/4	1/4	3/4	1	1	1/4		1/4	1		6	66	F#4	4	365
33	33	98	1.0	1/2	1/2	3/4	2	1	1/4		1/4	1		4	40	E2	2	372
33	33	98	1.0	1/2	1/2	3/4	2	1	1/4		1/4	1		5	47	B2	2	372
33	33	98	1.0	1/2	1/2	3/4	2	1	1/4		1/4	1		4	52	E3	3	372
33	33	98	0.5	1/2	1/2	3/4	1	1	1/8		1/8	1		5	59	B3	3	366
33	33	98	1.0	1/2	1/2	3/4	1	2	1/4		1/4	1		2	62	D4	4	369
33	33	98	1.0	1/2	1/2	3/4	1	2	1/4		1/4	1		6	66	F#4	4	369
33	33	98	0.5	1/2	1/2	3/4	1	1	1/8		1/8	1		5	71	B4	4	366
33	33	197/2	0.25	5/8	5/8	3/4	1	1	1/16		1/16	1		3	57	A3	3	367
33	33	197/2	0.25	5/8	5/8	3/4	1	1	1/16		1/16	1		3	69	A4	4	367
33	33	395/4	0.25	11/16	11/16	3/4	1	1	1/16		1/16	1		8	56	G#3	3	368
33	33	395/4	0.25	11/16	11/16	3/4	1	1	1/16		1/16	1		8	68	G#4	4	368
34	34	99	1.0	0	0	3/4	2	1	1/4		1/4	1		5	35	B1	1	382
34	34	99	1.0	0	0	3/4	2	1	1/4		1/4	1		4	40	E2	2	382
34	34	99	1.0	0	0	3/4	2	1	1/4		1/4	1		2	50	D3	3	382
34	34	99	0.5	0	0	3/4	1	1	1/8		1/8	1		6	54	F#3	3	373
34	34	99	1.0	0	0	3/4	1	2	1/4		1/4	1		5	59	B3	3	379
34	34	99	1.0	0	0	3/4	1	2	1/4		1/4	1		4	64	E4	4	379
34	34	99	0.5	0	0	3/4	1	1	1/8		1/8	1		6	66	F#4	4	373
34	34	199/2	0.5	1/8	1/8	3/4	1	1	1/8		1/8	1		8	56	G#3	3	374
34	34	199/2	0.5	1/8	1/8	3/4	1	1	1/8		1/8	1		8	68	G#4	4	374
34	34	100	1.0	1/4	1/4	3/4	2	1	1/4		1/4	1		2	38	D2	2	383
34	34	100	1.0	1/4	1/4	3/4	2	1	1/4		1/4	1		3	45	A2	2	383
34	34	100	1.0	1/4	1/4	3/4	2	1	1/4		1/4	1		6	54	F#3	3	383
34	34	100	0.5	1/4	1/4	3/4	1	1	1/8		1/8	1		3	57	A3	3	375
34	34	100	1.0	1/4	1/4	3/4	1	2	1/4		1/4	1		2	62	D4	4	380
34	34	100	1.0	1/4	1/4	3/4	1	2	1/4		1/4	1		6	66	F#4	4	380
34	34	100	0.5	1/4	1/4	3/4	1	1	1/8		1/8	1		3	69	A4	4	375
34	34	201/2	0.5	3/8	3/8	3/4	1	1	1/8		1/8	1		5	59	B3	3	376
34	34	201/2	0.5	3/8	3/8	3/4	1	1	1/8		1/8	1		5	71	B4	4	376
34	34	101	1.0	1/2	1/2	3/4	2	1	1/4		1/4	1		6	42	F#2	2	384
34	34	101	1.0	1/2	1/2	3/4	2	1	1/4		1/4	1		7	49	C#3	3	384
34	34	101	1.0	1/2	1/2	3/4	2	1	1/4		1/4	1		3	57	A3	3	384
34	34	101	1.0	1/2	1/2	3/4	1	2	1/4		1/4	1		7	61	C#4	4	381
34	34	101	1.0	1/2	1/2	3/4	1	2	1/4		1/4	1		6	66	F#4	4	381
34	34	101	0.5	1/2	1/2	3/4	1	1	1/8		1/8	1		7	73	C#5	5	377
34	34	203/2	0.5	5/8	5/8	3/4	1	1	1/8		1/8	1		3	69	A4	4	378
35	35	102	0.5	0	0	3/4	2	1	1/8		1/8	1		6	54	F#3	3	389
35	35	102	0.5	0	0	3/4	2	1	1/8		1/8	1		3	57	A3	3	389
35	35	102	0.5	0	0	3/4	2	1	1/8		1/8	1		7	61	C#4	4	389
35	35	102	0.5	0	0	3/4	2	1	1/8		1/8	1		9	63	D#4	4	389
35	35	102	0.5	0	0	3/4	1	1	1/8		1/8	1		6	66	F#4	4	385
35	35	102	0.5	0	0	3/4	1	1	1/8		1/8	1		3	69	A4	4	385
35	35	102	0.5	0	0	3/4	1	1	1/8		1/8	1		7	73	C#5	5	385
35	35	102	0.5	0	0	3/4	1	1	1/8		1/8	1		9	75	D#5	5	385
35	35	205/2	0.5	1/8	1/8	3/4	2	1	1/8		1/8	1		8	56	G#3	3	390
35	35	205/2	0.5	1/8	1/8	3/4	2	1	1/8		1/8	1		5	59	B3	3	390
35	35	205/2	0.5	1/8	1/8	3/4	2	1	1/8		1/8	1		7	61	C#4	4	390
35	35	205/2	0.5	1/8	1/8	3/4	2	1	1/8		1/8	1		4	64	E4	4	390
35	35	205/2	0.5	1/8	1/8	3/4	1	1	1/8		1/8	1		8	68	G#4	4	386
35	35	205/2	0.5	1/8	1/8	3/4	1	1	1/8		1/8	1		5	71	B4	4	386
35	35	205/2	0.5	1/8	1/8	3/4	1	1	1/8		1/8	1		7	73	C#5	5	386
35	35	205/2	0.5	1/8	1/8	3/4	1	1	1/8		1/8	1		4	76	E5	5	386
35	35	103	1.0	1/4	1/4	3/4	2	1	1/4		1/4	1		8	56	G#3	3	391
35	35	103	1.0	1/4	1/4	3/4	2	1	1/4		1/4	1		5	59	B3	3	391
35	35	103	1.0	1/4	1/4	3/4	2	1	1/4		1/4	1		7	61	C#4	4	391
35	35	103	1.0	1/4	1/4	3/4	2	1	1/4		1/4	1		4	64	E4	4	391
35	35	103	1.0	1/4	1/4	3/4	1	1	1/4		1/4	1		8	68	G#4	4	387
35	35	103	1.0	1/4	1/4	3/4	1	1	1/4		1/4	1		5	71	B4	4	387
35	35	103	1.0	1/4	1/4	3/4	1	1	1/4		1/4	1		7	73	C#5	5	387
35	35	103	1.0	1/4	1/4	3/4	1	1	1/4		1/4	1		4	76	E5	5	387
35	35	207/2	1.0	3/8	3/8	3/4	2	2	1/4		1/4	1		7	49	C#3	3	393
35	35	104	1.0	1/2	1/2	3/4	2	1	1/4		1/4	1		6	54	F#3	3	392
35	35	104	1.0	1/2	1/2	3/4	2	1	1/4		1/4	1		3	57	A3	3	392
35	35	104	1.0	1/2	1/2	3/4	2	1	1/4		1/4	1		7	61	C#4	4	392
35	35	104	1.0	1/2	1/2	3/4	2	1	1/4		1/4	1		9	63	D#4	4	392
35	35	104	1.0	1/2	1/2	3/4	1	1	1/4		1/4	1		6	66	F#4	4	388
35	35	104	1.0	1/2	1/2	3/4	1	1	1/4		1/4	1		3	69	A4	4	388
35	35	104	1.0	1/2	1/2	3/4	1	1	1/4		1/4	1		7	73	C#5	5	388
35	35	104	1.0	1/2	1/2	3/4	1	1	1/4		1/4	1		9	75	D#5	5	388
35	35	209/2	0.5	5/8	5/8	3/4	2	2	1/8		1/8	1		6	42	F#2	2	394
36	36	105	1.0	0	0	3/4	2	2	1/4		1/4	1		6	30	F#1	1	407
36	36	105	0.5	0	0	3/4	2	1	1/8		1/8	1		6	66	F#4	4	401
36	36	105	0.5	0	0	3/4	1	1	1/8		1/8	1		3	69	A4	4	395
36	36	105	0.5	0	0	3/4	1	1	1/8		1/8	1		7	73	C#5	5	395
36	36	105	0.5	0	0	3/4	1	1	1/8		1/8	1		9	75	D#5	5	395
36	36	211/2	0.5	1/8	1/8	3/4	2	1	1/8		1/8	1		5	59	B3	3	402
36	36	211/2	0.5	1/8	1/8	3/4	2	1	1/8		1/8	1		9	63	D#4	4	402
36	36	211/2	0.5	1/8	1/8	3/4	2	1	1/8		1/8	1		4	64	E4	4	402
36	36	211/2	0.5	1/8	1/8	3/4	2	1	1/8		1/8	1		8	68	G#4	4	402
36	36	211/2	0.5	1/8	1/8	3/4	1	1	1/8		1/8	1		5	71	B4	4	396
36	36	211/2	0.5	1/8	1/8	3/4	1	1	1/8		1/8	1		9	75	D#5	5	396
36	36	211/2	0.5	1/8	1/8	3/4	1	1	1/8		1/8	1		4	76	E5	5	396
36	36	211/2	0.5	1/8	1/8	3/4	1	1	1/8		1/8	1		8	80	G#5	5	396
36	36	106	0.25	1/4	1/4	3/4	2	1	1/16		1/16	1		3	57	A3	3	403
36	36	106	0.25	1/4	1/4	3/4	2	1	1/16		1/16	1		7	61	C#4	4	403
36	36	106	0.25	1/4	1/4	3/4	2	1	1/16		1/16	1		9	63	D#4	4	403
36	36	106	0.25	1/4	1/4	3/4	2	1	1/16		1/16	1		6	66	F#4	4	403
36	36	106	0.25	1/4	1/4	3/4	1	1	1/16		1/16	1		3	69	A4	4	397
36	36	106	0.25	1/4	1/4	3/4	1	1	1/16		1/16	1		7	73	C#5	5	397
36	36	106	0.25	1/4	1/4	3/4	1	1	1/16		1/16	1		9	75	D#5	5	397
36	36	106	0.25	1/4	1/4	3/4	1	1	1/16		1/16	1		6	78	F#5	5	397
36	36	425/4	0.25	5/16	5/16	3/4	2	1	1/16		1/16	1		8	56	G#3	3	404
36	36	425/4	0.25	5/16	5/16	3/4	2	1	1/16		1/16	1		5	59	B3	3	404
36	36	425/4	0.25	5/16	5/16	3/4	2	1	1/16		1/16	1		7	61	C#4	4	404
36	36	425/4	0.25	5/16	5/16	3/4	2	1	1/16		1/16	1		4	64	E4	4	404
36	36	425/4	0.25	5/16	5/16	3/4	1	1	1/16		1/16	1		8	68	G#4	4	398
36	36	425/4	0.25	5/16	5/16	3/4	1	1	1/16		1/16	1		5	71	B4	4	398
36	36	425/4	0.25	5/16	5/16	3/4	1	1	1/16		1/16	1		7	73	C#5	5	398
36	36	425/4	0.25	5/16	5/16	3/4	1	1	1/16		1/16	1		4	76	E5	5	398
36	36	213/2	0.5	3/8	3/8	3/4	2	1	1/8		1/8	1		6	54	F#3	3	405
36	36	213/2	0.5	3/8	3/8	3/4	2	1	1/8		1/8	1		3	57	A3	3	405
36	36	213/2	0.5	3/8	3/8	3/4	2	1	1/8		1/8	1		7	61	C#4	4	405
36	36	213/2	0.5	3/8	3/8	3/4	2	1	1/8		1/8	1		9	63	D#4	4	405
36	36	213/2	0.5	3/8	3/8	3/4	1	1	1/8		1/8	1		6	66	F#4	4	399
36	36	213/2	0.5	3/8	3/8	3/4	1	1	1/8		1/8	1		3	69	A4	4	399
36	36	213/2	0.5	3/8	3/8	3/4	1	1	1/8		1/8	1		7	73	C#5	5	399
36	36	213/2	0.5	3/8	3/8	3/4	1	1	1/8		1/8	1		9	75	D#5	5	399
36	36	107	1.0	1/2	1/2	3/4	2	1	1/4		1/4	1		6	54	F#3	3	406
36	36	107	1.0	1/2	1/2	3/4	2	1	1/4		1/4	1		3	57	A3	3	406
36	36	107	1.0	1/2	1/2	3/4	2	1	1/4		1/4	1		7	61	C#4	4	406
36	36	107	1.0	1/2	1/2	3/4	2	1	1/4		1/4	1		9	63	D#4	4	406
36	36	107	1.0	1/2	1/2	3/4	1	1	1/4		1/4	1		6	66	F#4	4	400
36	36	107	1.0	1/2	1/2	3/4	1	1	1/4		1/4	1		3	69	A4	4	400
36	36	107	1.0	1/2	1/2	3/4	1	1	1/4		1/4	1		7	73	C#5	5	400
36	36	107	1.0	1/2	1/2	3/4	1	1	1/4		1/4	1		9	75	D#5	5	400
37	37	108	0.5	0	0	3/4	2	1	1/8		1/8	1		3	57	A3	3	412
37	37	108	0.5	0	0	3/4	2	1	1/8		1/8	1		7	61	C#4	4	412
37	37	108	0.5	0	0	3/4	2	1	1/8		1/8	1		9	63	D#4	4	412
37	37	108	0.5	0	0	3/4	2	1	1/8		1/8	1		6	66	F#4	4	412
37	37	108	0.5	0	0	3/4	1	1	1/8		1/8	1		3	69	A4	4	408
37	37	108	0.5	0	0	3/4	1	1	1/8		1/8	1		7	73	C#5	5	408
37	37	108	0.5	0	0	3/4	1	1	1/8		1/8	1		9	75	D#5	5	408
37	37	108	0.5	0	0	3/4	1	1	1/8		1/8	1		6	78	F#5	5	408
37	37	217/2	0.5	1/8	1/8	3/4	2	1	1/8		1/8	1		5	59	B3	3	413
37	37	217/2	0.5	1/8	1/8	3/4	2	1	1/8		1/8	1		7	61	C#4	4	413
37	37	217/2	0.5	1/8	1/8	3/4	2	1	1/8		1/8	1		4	64	E4	4	413
37	37	217/2	0.5	1/8	1/8	3/4	2	1	1/8		1/8	1		8	68	G#4	4	413
37	37	217/2	0.5	1/8	1/8	3/4	1	1	1/8		1/8	1		5	71	B4	4	409
37	37	217/2	0.5	1/8	1/8	3/4	1	1	1/8		1/8	1		9	75	D#5	5	409
37	37	217/2	0.5	1/8	1/8	3/4	1	1	1/8		1/8	1		4	76	E5	5	409
37	37	217/2	0.5	1/8	1/8	3/4	1	1	1/8		1/8	1		8	80	G#5	5	409
37	37	109	1.0	1/4	1/4	3/4	2	1	1/4		1/4	1		5	59	B3	3	414
37	37	109	1.0	1/4	1/4	3/4	2	1	1/4		1/4	1		7	61	C#4	4	414
37	37	109	1.0	1/4	1/4	3/4	2	1	1/4		1/4	1		4	64	E4	4	414
37	37	109	1.0	1/4	1/4	3/4	2	1	1/4		1/4	1		8	68	G#4	4	414
37	37	109	1.0	1/4	1/4	3/4	1	1	1/4		1/4	1		5	71	B4	4	410
37	37	109	1.0	1/4	1/4	3/4	1	1	1/4		1/4	1		9	75	D#5	5	410
37	37	109	1.0	1/4	1/4	3/4	1	1	1/4		1/4	1		4	76	E5	5	410
37	37	109	1.0	1/4	1/4	3/4	1	1	1/4		1/4	1		8	80	G#5	5	410
37	37	219/2	1.0	3/8	3/8	3/4	2	2	1/4		1/4	1		7	49	C#3	3	416
37	37	110	1.0	1/2	1/2	3/4	2	1	1/4		1/4	1		3	57	A3	3	415
37	37	110	1.0	1/2	1/2	3/4	2	1	1/4		1/4	1		7	61	C#4	4	415
37	37	110	1.0	1/2	1/2	3/4	2	1	1/4		1/4	1		9	63	D#4	4	415
37	37	110	1.0	1/2	1/2	3/4	2	1	1/4		1/4	1		6	66	F#4	4	415
37	37	110	1.0	1/2	1/2	3/4	1	1	1/4		1/4	1		3	69	A4	4	411
37	37	110	1.0	1/2	1/2	3/4	1	1	1/4		1/4	1		7	73	C#5	5	411
37	37	110	1.0	1/2	1/2	3/4	1	1	1/4		1/4	1		9	75	D#5	5	411
37	37	110	1.0	1/2	1/2	3/4	1	1	1/4		1/4	1		6	78	F#5	5	411
37	37	221/2	0.5	5/8	5/8	3/4	2	2	1/8		1/8	1		6	42	F#2	2	417
38	38	111	1.0	0	0	3/4	2	2	1/4		1/4	1		6	30	F#1	1	431
38	38	111	0.5	0	0	3/4	1	1	1/8		1/8	1		3	69	A4	4	418
38	38	111	0.5	0	0	3/4	1	1	1/8		1/8	1		7	73	C#5	5	418
38	38	111	0.5	0	0	3/4	1	1	1/8		1/8	1		9	75	D#5	5	418
38	38	111	0.5	0	0	3/4	1	1	1/8		1/8	1		6	78	F#5	5	418
38	38	223/2	0.5	1/8	1/8	3/4	2	1	1/8		1/8	1		9	63	D#4	4	425
38	38	223/2	0.5	1/8	1/8	3/4	2	1	1/8		1/8	1		6	66	F#4	4	425
38	38	223/2	0.5	1/8	1/8	3/4	2	1	1/8		1/8	1		8	68	G#4	4	425
38	38	223/2	0.5	1/8	1/8	3/4	2	1	1/8		1/8	1		5	71	B4	4	425
38	38	223/2	0.5	1/8	1/8	3/4	1	1	1/8		1/8	1		9	75	D#5	5	419
38	38	223/2	0.5	1/8	1/8	3/4	1	1	1/8		1/8	1		4	76	E5	5	419
38	38	223/2	0.5	1/8	1/8	3/4	1	1	1/8		1/8	1		8	80	G#5	5	419
38	38	223/2	0.5	1/8	1/8	3/4	1	1	1/8		1/8	1		5	83	B5	5	419
38	38	112	0.25	1/4	1/4	3/4	2	1	1/16		1/16	1		7	61	C#4	4	426
38	38	112	0.25	1/4	1/4	3/4	2	1	1/16		1/16	1		4	64	E4	4	426
38	38	112	0.25	1/4	1/4	3/4	2	1	1/16		1/16	1		6	66	F#4	4	426
38	38	112	0.25	1/4	1/4	3/4	2	1	1/16		1/16	1		3	69	A4	4	426
38	38	112	0.25	1/4	1/4	3/4	1	1	1/16		1/16	1		7	73	C#5	5	420
38	38	112	0.25	1/4	1/4	3/4	1	1	1/16		1/16	1		9	75	D#5	5	420
38	38	112	0.25	1/4	1/4	3/4	1	1	1/16		1/16	1		6	78	F#5	5	420
38	38	112	0.25	1/4	1/4	3/4	1	1	1/16		1/16	1		3	81	A5	5	420
38	38	449/4	0.25	5/16	5/16	3/4	2	1	1/16		1/16	1		5	59	B3	3	427
38	38	449/4	0.25	5/16	5/16	3/4	2	1	1/16		1/16	1		9	63	D#4	4	427
38	38	449/4	0.25	5/16	5/16	3/4	2	1	1/16		1/16	1		4	64	E4	4	427
38	38	449/4	0.25	5/16	5/16	3/4	2	1	1/16		1/16	1		8	68	G#4	4	427
38	38	449/4	0.25	5/16	5/16	3/4	1	1	1/16		1/16	1		5	71	B4	4	421
38	38	449/4	0.25	5/16	5/16	3/4	1	1	1/16		1/16	1		7	73	C#5	5	421
38	38	449/4	0.25	5/16	5/16	3/4	1	1	1/16		1/16	1		4	76	E5	5	421
38	38	449/4	0.25	5/16	5/16	3/4	1	1	1/16		1/16	1		8	80	G#5	5	421
38	38	225/2	0.5	3/8	3/8	3/4	2	1	1/8		1/8	1		3	57	A3	3	428
38	38	225/2	0.5	3/8	3/8	3/4	2	1	1/8		1/8	1		7	61	C#4	4	428
38	38	225/2	0.5	3/8	3/8	3/4	2	1	1/8		1/8	1		9	63	D#4	4	428
38	38	225/2	0.5	3/8	3/8	3/4	2	1	1/8		1/8	1		6	66	F#4	4	428
38	38	225/2	0.5	3/8	3/8	3/4	1	1	1/8		1/8	1		3	69	A4	4	422
38	38	225/2	0.5	3/8	3/8	3/4	1	1	1/8		1/8	1		7	73	C#5	5	422
38	38	225/2	0.5	3/8	3/8	3/4	1	1	1/8		1/8	1		9	75	D#5	5	422
38	38	225/2	0.5	3/8	3/8	3/4	1	1	1/8		1/8	1		6	78	F#5	5	422
38	38	113	0.5	1/2	1/2	3/4	2	1	1/8		1/8	1		3	57	A3	3	429
38	38	113	0.5	1/2	1/2	3/4	2	1	1/8		1/8	1		7	61	C#4	4	429
38	38	113	0.5	1/2	1/2	3/4	2	1	1/8		1/8	1		9	63	D#4	4	429
38	38	113	0.5	1/2	1/2	3/4	2	1	1/8		1/8	1		6	66	F#4	4	429
38	38	113	0.5	1/2	1/2	3/4	1	1	1/8		1/8	1		3	69	A4	4	423
38	38	113	0.5	1/2	1/2	3/4	1	1	1/8		1/8	1		7	73	C#5	5	423
38	38	113	0.5	1/2	1/2	3/4	1	1	1/8		1/8	1		9	75	D#5	5	423
38	38	113	0.5	1/2	1/2	3/4	1	1	1/8		1/8	1		6	78	F#5	5	423
38	38	227/2	0.5	5/8	5/8	3/4	2	1	1/8		1/8	1		8	68	G#4	4	430
38	38	227/2	0.5	5/8	5/8	3/4	2	1	1/8		1/8	1		3	69	A4	4	430
38	38	227/2	0.5	5/8	5/8	3/4	2	1	1/8		1/8	1		7	73	C#5	5	430
38	38	227/2	0.5	5/8	5/8	3/4	2	1	1/8		1/8	1		4	76	E5	5	430
38	38	227/2	0.5	5/8	5/8	3/4	1	1	1/8		1/8	1		8	80	G#5	5	424
38	38	227/2	0.5	5/8	5/8	3/4	1	1	1/8		1/8	1		3	81	A5	5	424
38	38	227/2	0.5	5/8	5/8	3/4	1	1	1/8		1/8	1		7	85	C#6	6	424
38	38	227/2	0.5	5/8	5/8	3/4	1	1	1/8		1/8	1		4	88	E6	6	424
39	39	114	0.5	0	0	3/4	2	1	1/8		1/8	1		4	64	E4	4	438
39	39	114	0.5	0	0	3/4	2	1	1/8		1/8	1		6	66	F#4	4	438
39	39	114	0.5	0	0	3/4	2	1	1/8		1/8	1		3	69	A4	4	438
39	39	114	0.5	0	0	3/4	2	1	1/8		1/8	1		7	73	C#5	5	438
39	39	114	0.5	0	0	3/4	1	1	1/8		1/8	1		4	76	E5	5	432
39	39	114	0.5	0	0	3/4	1	1	1/8		1/8	1		6	78	F#5	5	432
39	39	114	0.5	0	0	3/4	1	1	1/8		1/8	1		3	81	A5	5	432
39	39	114	0.5	0	0	3/4	1	1	1/8		1/8	1		7	85	C#6	6	432
39	39	229/2	0.5	1/8	1/8	3/4	2	1	1/8		1/8	1		9	63	D#4	4	439
39	39	229/2	0.5	1/8	1/8	3/4	2	1	1/8		1/8	1		6	66	F#4	4	439
39	39	229/2	0.5	1/8	1/8	3/4	2	1	1/8		1/8	1		8	68	G#4	4	439
39	39	229/2	0.5	1/8	1/8	3/4	2	1	1/8		1/8	1		5	71	B4	4	439
39	39	229/2	0.5	1/8	1/8	3/4	1	1	1/8		1/8	1		9	75	D#5	5	433
39	39	229/2	0.5	1/8	1/8	3/4	1	1	1/8		1/8	1		6	78	F#5	5	433
39	39	229/2	0.5	1/8	1/8	3/4	1	1	1/8		1/8	1		8	80	G#5	5	433
39	39	229/2	0.5	1/8	1/8	3/4	1	1	1/8		1/8	1		5	83	B5	5	433
39	39	115	0.5	1/4	1/4	3/4	2	1	1/8		1/8	1		7	61	C#4	4	440
39	39	115	0.5	1/4	1/4	3/4	2	1	1/8		1/8	1		4	64	E4	4	440
39	39	115	0.5	1/4	1/4	3/4	2	1	1/8		1/8	1		6	66	F#4	4	440
39	39	115	0.5	1/4	1/4	3/4	2	1	1/8		1/8	1		3	69	A4	4	440
39	39	115	0.5	1/4	1/4	3/4	1	1	1/8		1/8	1		7	73	C#5	5	434
39	39	115	0.5	1/4	1/4	3/4	1	1	1/8		1/8	1		4	76	E5	5	434
39	39	115	0.5	1/4	1/4	3/4	1	1	1/8		1/8	1		6	78	F#5	5	434
39	39	115	0.5	1/4	1/4	3/4	1	1	1/8		1/8	1		3	81	A5	5	434
39	39	231/2	0.5	3/8	3/8	3/4	2	1	1/8		1/8	1		5	59	B3	3	441
39	39	231/2	0.5	3/8	3/8	3/4	2	1	1/8		1/8	1		9	63	D#4	4	441
39	39	231/2	0.5	3/8	3/8	3/4	2	1	1/8		1/8	1		4	64	E4	4	441
39	39	231/2	0.5	3/8	3/8	3/4	2	1	1/8		1/8	1		8	68	G#4	4	441
39	39	231/2	0.5	3/8	3/8	3/4	1	1	1/8		1/8	1		5	71	B4	4	435
39	39	231/2	0.5	3/8	3/8	3/4	1	1	1/8		1/8	1		9	75	D#5	5	435
39	39	231/2	0.5	3/8	3/8	3/4	1	1	1/8		1/8	1		4	76	E5	5	435
39	39	231/2	0.5	3/8	3/8	3/4	1	1	1/8		1/8	1		8	80	G#5	5	435
39	39	116	0.5	1/2	1/2	3/4	2	1	1/8		1/8	1		3	57	A3	3	442
39	39	116	0.5	1/2	1/2	3/4	2	1	1/8		1/8	1		7	61	C#4	4	442
39	39	116	0.5	1/2	1/2	3/4	2	1	1/8		1/8	1		9	63	D#4	4	442
39	39	116	0.5	1/2	1/2	3/4	2	1	1/8		1/8	1		6	66	F#4	4	442
39	39	116	0.5	1/2	1/2	3/4	1	1	1/8		1/8	1		3	69	A4	4	436
39	39	116	0.5	1/2	1/2	3/4	1	1	1/8		1/8	1		7	73	C#5	5	436
39	39	116	0.5	1/2	1/2	3/4	1	1	1/8		1/8	1		9	75	D#5	5	436
39	39	116	0.5	1/2	1/2	3/4	1	1	1/8		1/8	1		6	78	F#5	5	436
39	39	233/2	0.5	5/8	5/8	3/4	2	1	1/8		1/8	1		8	68	G#4	4	443
39	39	233/2	0.5	5/8	5/8	3/4	2	1	1/8		1/8	1		3	69	A4	4	443
39	39	233/2	0.5	5/8	5/8	3/4	2	1	1/8		1/8	1		7	73	C#5	5	443
39	39	233/2	0.5	5/8	5/8	3/4	2	1	1/8		1/8	1		4	76	E5	5	443
39	39	233/2	0.5	5/8	5/8	3/4	1	1	1/8		1/8	1		8	80	G#5	5	437
39	39	233/2	0.5	5/8	5/8	3/4	1	1	1/8		1/8	1		3	81	A5	5	437
39	39	233/2	0.5	5/8	5/8	3/4	1	1	1/8		1/8	1		7	85	C#6	6	437
39	39	233/2	0.5	5/8	5/8	3/4	1	1	1/8		1/8	1		4	88	E6	6	437
40	40	117	0.5	0	0	3/4	2	1	1/8		1/8	1		4	64	E4	4	450
40	40	117	0.5	0	0	3/4	2	1	1/8		1/8	1		6	66	F#4	4	450
40	40	117	0.5	0	0	3/4	2	1	1/8		1/8	1		3	69	A4	4	450
40	40	117	0.5	0	0	3/4	2	1	1/8		1/8	1		7	73	C#5	5	450
40	40	117	0.5	0	0	3/4	1	1	1/8		1/8	1		4	76	E5	5	444
40	40	117	0.5	0	0	3/4	1	1	1/8		1/8	1		6	78	F#5	5	444
40	40	117	0.5	0	0	3/4	1	1	1/8		1/8	1		3	81	A5	5	444
40	40	117	0.5	0	0	3/4	1	1	1/8		1/8	1		7	85	C#6	6	444
40	40	235/2	0.5	1/8	1/8	3/4	2	1	1/8		1/8	1		9	63	D#4	4	451
40	40	235/2	0.5	1/8	1/8	3/4	2	1	1/8		1/8	1		6	66	F#4	4	451
40	40	235/2	0.5	1/8	1/8	3/4	2	1	1/8		1/8	1		8	68	G#4	4	451
40	40	235/2	0.5	1/8	1/8	3/4	2	1	1/8		1/8	1		5	71	B4	4	451
40	40	235/2	0.5	1/8	1/8	3/4	1	1	1/8		1/8	1		9	75	D#5	5	445
40	40	235/2	0.5	1/8	1/8	3/4	1	1	1/8		1/8	1		6	78	F#5	5	445
40	40	235/2	0.5	1/8	1/8	3/4	1	1	1/8		1/8	1		8	80	G#5	5	445
40	40	235/2	0.5	1/8	1/8	3/4	1	1	1/8		1/8	1		5	83	B5	5	445
40	40	118	0.5	1/4	1/4	3/4	2	1	1/8		1/8	1		7	61	C#4	4	452
40	40	118	0.5	1/4	1/4	3/4	2	1	1/8		1/8	1		4	64	E4	4	452
40	40	118	0.5	1/4	1/4	3/4	2	1	1/8		1/8	1		6	66	F#4	4	452
40	40	118	0.5	1/4	1/4	3/4	2	1	1/8		1/8	1		3	69	A4	4	452
40	40	118	0.5	1/4	1/4	3/4	1	1	1/8		1/8	1		7	73	C#5	5	446
40	40	118	0.5	1/4	1/4	3/4	1	1	1/8		1/8	1		4	76	E5	5	446
40	40	118	0.5	1/4	1/4	3/4	1	1	1/8		1/8	1		6	78	F#5	5	446
40	40	118	0.5	1/4	1/4	3/4	1	1	1/8		1/8	1		3	81	A5	5	446
40	40	237/2	0.5	3/8	3/8	3/4	2	1	1/8		1/8	1		5	59	B3	3	453
40	40	237/2	0.5	3/8	3/8	3/4	2	1	1/8		1/8	1		9	63	D#4	4	453
40	40	237/2	0.5	3/8	3/8	3/4	2	1	1/8		1/8	1		4	64	E4	4	453
40	40	237/2	0.5	3/8	3/8	3/4	2	1	1/8		1/8	1		8	68	G#4	4	453
40	40	237/2	0.5	3/8	3/8	3/4	1	1	1/8		1/8	1		5	71	B4	4	447
40	40	237/2	0.5	3/8	3/8	3/4	1	1	1/8		1/8	1		9	75	D#5	5	447
40	40	237/2	0.5	3/8	3/8	3/4	1	1	1/8		1/8	1		4	76	E5	5	447
40	40	237/2	0.5	3/8	3/8	3/4	1	1	1/8		1/8	1		8	80	G#5	5	447
40	40	119	0.5	1/2	1/2	3/4	2	1	1/8		1/8	1		3	57	A3	3	454
40	40	119	0.5	1/2	1/2	3/4	2	1	1/8		1/8	1		7	61	C#4	4	454
40	40	119	0.5	1/2	1/2	3/4	2	1	1/8		1/8	1		9	63	D#4	4	454
40	40	119	0.5	1/2	1/2	3/4	2	1	1/8		1/8	1		6	66	F#4	4	454
40	40	119	0.5	1/2	1/2	3/4	1	1	1/8		1/8	1		3	69	A4	4	448
40	40	119	0.5	1/2	1/2	3/4	1	1	1/8		1/8	1		7	73	C#5	5	448
40	40	119	0.5	1/2	1/2	3/4	1	1	1/8		1/8	1		9	75	D#5	5	448
40	40	119	0.5	1/2	1/2	3/4	1	1	1/8		1/8	1		6	78	F#5	5	448
40	40	239/2	0.5	5/8	5/8	3/4	2	1	1/8		1/8	1		8	56	G#3	3	455
40	40	239/2	0.5	5/8	5/8	3/4	2	1	1/8		1/8	1		3	57	A3	3	455
40	40	239/2	0.5	5/8	5/8	3/4	2	1	1/8		1/8	1		7	61	C#4	4	455
40	40	239/2	0.5	5/8	5/8	3/4	2	1	1/8		1/8	1		4	64	E4	4	455
40	40	239/2	0.5	5/8	5/8	3/4	1	1	1/8		1/8	1		8	68	G#4	4	449
40	40	239/2	0.5	5/8	5/8	3/4	1	1	1/8		1/8	1		3	69	A4	4	449
40	40	239/2	0.5	5/8	5/8	3/4	1	1	1/8		1/8	1		7	73	C#5	5	449
40	40	239/2	0.5	5/8	5/8	3/4	1	1	1/8		1/8	1		4	76	E5	5	449
41	41	120	0.5	0	0	3/4	2	1	1/8		1/8	1		6	54	F#3	3	460
41	41	120	0.5	0	0	3/4	2	1	1/8		1/8	1		8	56	G#3	3	460
41	41	120	0.5	0	0	3/4	2	1	1/8		1/8	1		5	59	B3	3	460
41	41	120	0.5	0	0	3/4	2	1	1/8		1/8	1		9	63	D#4	4	460
41	41	120	0.5	0	0	3/4	1	1	1/8		1/8	1		6	66	F#4	4	456
41	41	120	0.5	0	0	3/4	1	1	1/8		1/8	1		8	68	G#4	4	456
41	41	120	0.5	0	0	3/4	1	1	1/8		1/8	1		5	71	B4	4	456
41	41	120	0.5	0	0	3/4	1	1	1/8		1/8	1		9	75	D#5	5	456
41	41	241/2	0.5	1/8	1/8	3/4	2	1	1/8		1/8	1		4	52	E3	3	461
41	41	241/2	0.5	1/8	1/8	3/4	2	1	1/8		1/8	1		6	54	F#3	3	461
41	41	241/2	0.5	1/8	1/8	3/4	2	1	1/8		1/8	1		3	57	A3	3	461
41	41	241/2	0.5	1/8	1/8	3/4	2	1	1/8		1/8	1		7	61	C#4	4	461
41	41	241/2	0.5	1/8	1/8	3/4	1	1	1/8		1/8	1		4	64	E4	4	457
41	41	241/2	0.5	1/8	1/8	3/4	1	1	1/8		1/8	1		6	66	F#4	4	457
41	41	241/2	0.5	1/8	1/8	3/4	1	1	1/8		1/8	1		3	69	A4	4	457
41	41	241/2	0.5	1/8	1/8	3/4	1	1	1/8		1/8	1		7	73	C#5	5	457
41	41	121	1.0	1/4	1/4	3/4	2	1	1/4		1/4	1		9	51	D#3	3	462
41	41	121	1.0	1/4	1/4	3/4	2	1	1/4		1/4	1		4	52	E3	3	462
41	41	121	1.0	1/4	1/4	3/4	2	1	1/4		1/4	1		8	56	G#3	3	462
41	41	121	1.0	1/4	1/4	3/4	2	1	1/4		1/4	1		5	59	B3	3	462
41	41	121	1.0	1/4	1/4	3/4	1	1	1/4		1/4	1		9	63	D#4	4	458
41	41	121	1.0	1/4	1/4	3/4	1	1	1/4		1/4	1		4	64	E4	4	458
41	41	121	1.0	1/4	1/4	3/4	1	1	1/4		1/4	1		8	68	G#4	4	458
41	41	121	1.0	1/4	1/4	3/4	1	1	1/4		1/4	1		5	71	B4	4	458
41	41	122	1.0	1/2	1/2	3/4	2	1	1/4		1/4	1		5	47	B2	2	463
41	41	122	1.0	1/2	1/2	3/4	2	1	1/4		1/4	1		7	49	C#3	3	463
41	41	122	1.0	1/2	1/2	3/4	2	1	1/4		1/4	1		4	52	E3	3	463
41	41	122	1.0	1/2	1/2	3/4	2	1	1/4		1/4	1		8	56	G#3	3	463
41	41	122	1.0	1/2	1/2	3/4	1	1	1/4		1/4	1		5	59	B3	3	459
41	41	122	1.0	1/2	1/2	3/4	1	1	1/4		1/4	1		7	61	C#4	4	459
41	41	122	1.0	1/2	1/2	3/4	1	1	1/4		1/4	1		4	64	E4	4	459
41	41	122	1.0	1/2	1/2	3/4	1	1	1/4		1/4	1		8	68	G#4	4	459
42	42	123	3.0	0	0	3/4	2	2	3/4		1/2	3/2		2	38	D2	2	471
42	42	123	3.0	0	0	3/4	2	2	3/4		1/2	3/2		3	45	A2	2	471
42	42	123	3.0	0	0	3/4	2	2	3/4		1/2	3/2		2	50	D3	3	471
42	42	123	3.0	0	0	3/4	2	1	3/4		1/2	3/2		6	54	F#3	3	470
42	42	123	3.0	0	0	3/4	2	1	3/4		1/2	3/2		3	57	A3	3	470
42	42	123	3.0	0	0	3/4	1	2	3/4		1/2	3/2		2	62	D4	4	469
42	42	123	1.0	0	0	3/4	1	1	1/4		1/4	1		6	66	F#4	4	464
42	42	124	1.0	1/4	1/4	3/4	1	1	1/4		1/4	1		3	69	A4	4	465
42	42	125	0.3333333333333333	1/2	1/2	3/4	1	1	1/12		1/8	2/3		5	71	B4	4	466
42	42	376/3	0.3333333333333333	7/12	7/12	3/4	1	1	1/12		1/8	2/3		3	69	A4	4	467
42	42	377/3	0.3333333333333333	2/3	2/3	3/4	1	1	1/12		1/8	2/3		6	66	F#4	4	468
43	43	126	1.0	0	0	3/4	2	1	1/4		1/4	1		4	40	E2	2	477
43	43	126	1.0	0	0	3/4	2	1	1/4		1/4	1		5	47	B2	2	477
43	43	126	1.0	0	0	3/4	1	2	1/4		1/4	1		4	52	E3	3	475
43	43	126	1.0	0	0	3/4	1	2	1/4		1/4	1		8	56	G#3	3	475
43	43	126	1.0	0	0	3/4	1	2	1/4		1/4	1		5	59	B3	3	475
43	43	126	0.5	0	0	3/4	1	1	1/8		1/8	1		4	64	E4	4	472
43	43	253/2	0.5	1/8	1/8	3/4	1	1	1/8		1/8	1		8	68	G#4	4	473
43	43	1015/8	0.0625	7/32	7/32	3/4	2	2	1/64		1/64	1		8	32	G#1	1	479
43	43	2031/16	0.0625	15/64	15/64	3/4	2	2	1/64		1/64	1		8	44	G#2	2	480
43	43	127	2.0	1/4	1/4	3/4	2	1	1/2		1/2	1		8	32	G#1	1	478
43	43	127	2.0	1/4	1/4	3/4	2	1	1/2		1/2	1		8	44	G#2	2	478
43	43	127	2.0	1/4	1/4	3/4	2	1	1/2		1/2	1		9	51	D#3	3	478
43	43	127	2.0	1/4	1/4	3/4	1	2	1/2		1/2	1		8	56	G#3	3	476
43	43	127	2.0	1/4	1/4	3/4	1	2	1/2		1/2	1		5	59	B3	3	476
43	43	127	2.0	1/4	1/4	3/4	1	2	1/2		1/2	1		9	63	D#4	4	476
43	43	127	2.0	1/4	1/4	3/4	1	1	1/2		1/2	1		8	68	G#4	4	474
44	44	129	3.0	0	0	3/4	2	2	3/4		1/2	3/2		2	38	D2	2	489
44	44	129	3.0	0	0	3/4	2	2	3/4		1/2	3/2		3	45	A2	2	489
44	44	129	3.0	0	0	3/4	2	2	3/4		1/2	3/2		2	50	D3	3	489
44	44	129	3.0	0	0	3/4	2	1	3/4		1/2	3/2		6	54	F#3	3	488
44	44	129	3.0	0	0	3/4	2	1	3/4		1/2	3/2		3	57	A3	3	488
44	44	129	3.0	0	0	3/4	1	2	3/4		1/2	3/2		2	62	D4	4	487
44	44	129	0.5	0	0	3/4	1	1	1/8		1/8	1		6	66	F#4	4	481
44	44	259/2	0.5	1/8	1/8	3/4	1	1	1/8		1/8	1		8	68	G#4	4	482
44	44	130	1.0	1/4	1/4	3/4	1	1	1/4		1/4	1		3	69	A4	4	483
44	44	131	0.3333333333333333	1/2	1/2	3/4	1	1	1/12		1/8	2/3		5	71	B4	4	484
44	44	394/3	0.3333333333333333	7/12	7/12	3/4	1	1	1/12		1/8	2/3		3	69	A4	4	485
44	44	395/3	0.3333333333333333	2/3	2/3	3/4	1	1	1/12		1/8	2/3		6	66	F#4	4	486
45	45	132	1.0	0	0	3/4	2	1	1/4		1/4	1		4	40	E2	2	495
45	45	132	1.0	0	0	3/4	2	1	1/4		1/4	1		5	47	B2	2	495
45	45	132	1.0	0	0	3/4	1	2	1/4		1/4	1		4	52	E3	3	493
45	45	132	1.0	0	0	3/4	1	2	1/4		1/4	1		8	56	G#3	3	493
45	45	132	1.0	0	0	3/4	1	2	1/4		1/4	1		5	59	B3	3	493
45	45	132	0.5	0	0	3/4	1	1	1/8		1/8	1		4	64	E4	4	490
45	45	265/2	0.5	1/8	1/8	3/4	1	1	1/8		1/8	1		8	68	G#4	4	491
45	45	1063/8	0.0625	7/32	7/32	3/4	2	2	1/64		1/64	1		8	32	G#1	1	497
45	45	2127/16	0.0625	15/64	15/64	3/4	2	2	1/64		1/64	1		8	44	G#2	2	498
45	45	133	2.0	1/4	1/4	3/4	2	1	1/2		1/2	1		8	32	G#1	1	496
45	45	133	2.0	1/4	1/4	3/4	2	1	1/2		1/2	1		8	44	G#2	2	496
45	45	133	2.0	1/4	1/4	3/4	2	1	1/2		1/2	1		9	51	D#3	3	496
45	45	133	2.0	1/4	1/4	3/4	1	2	1/2		1/2	1		8	56	G#3	3	494
45	45	133	2.0	1/4	1/4	3/4	1	2	1/2		1/2	1		5	59	B3	3	494
45	45	133	2.0	1/4	1/4	3/4	1	2	1/2		1/2	1		9	63	D#4	4	494
45	45	133	2.0	1/4	1/4	3/4	1	1	1/2		1/2	1		8	68	G#4	4	492
46	46	135	1.0	0	0	3/4	2	1	1/4		1/4	1		7	61	C#4	4	508
46	46	135	1.0	0	0	3/4	2	1	1/4		1/4	1		4	64	E4	4	508
46	46	135	1.0	0	0	3/4	2	1	1/4		1/4	1		8	68	G#4	4	508
46	46	135	1.0	0	0	3/4	1	2	1/4		1/4	1		7	73	C#5	5	505
46	46	135	0.5	0	0	3/4	1	1	1/8		1/8	1		8	80	G#5	5	499
46	46	271/2	0.5	1/8	1/8	3/4	1	1	1/8		1/8	1		7	85	C#6	6	500
46	46	136	1.0	1/4	1/4	3/4	2	1	1/4		1/4	1		9	63	D#4	4	509
46	46	136	1.0	1/4	1/4	3/4	2	1	1/4		1/4	1		6	66	F#4	4	509
46	46	136	1.0	1/4	1/4	3/4	2	1	1/4		1/4	1		8	68	G#4	4	509
46	46	136	1.0	1/4	1/4	3/4	1	2	1/4		1/4	1		7	73	C#5	5	506
46	46	136	1.0	1/4	1/4	3/4	1	2	1/4		1/4	1		6	78	F#5	5	506
46	46	136	1.0	1/4	1/4	3/4	1	1	1/4		1/4	1		7	85	C#6	6	501
46	46	137	1.0	1/2	1/2	3/4	2	1	1/4		1/4	1		4	64	E4	4	510
46	46	137	1.0	1/2	1/2	3/4	2	1	1/4		1/4	1		8	68	G#4	4	510
46	46	137	1.0	1/2	1/2	3/4	1	2	1/4		1/4	1		5	71	B4	4	507
46	46	137	1.0	1/2	1/2	3/4	1	2	1/4		1/4	1		4	76	E5	5	507
46	46	137	0.25	1/2	1/2	3/4	1	1	1/16		1/16	1		5	83	B5	5	502
46	46	549/4	0.25	9/16	9/16	3/4	1	1	1/16		1/16	1		3	81	A5	5	503
46	46	275/2	0.5	5/8	5/8	3/4	1	1	1/8		1/8	1		8	80	G#5	5	504
47	47	138	0.5	0	0	3/4	2	1	1/8		1/8	1		6	66	F#4	4	521
47	47	138	0.5	0	0	3/4	2	1	1/8		1/8	1		3	69	A4	4	521
47	47	138	0.5	0	0	3/4	1	2	1/8		1/8	1		7	73	C#5	5	517
47	47	138	0.5	0	0	3/4	1	1	1/8		1/8	1		8	80	G#5	5	511
47	47	277/2	0.5	1/8	1/8	3/4	2	1	1/8		1/8	1		4	64	E4	4	522
47	47	277/2	0.5	1/8	1/8	3/4	2	1	1/8		1/8	1		8	68	G#4	4	522
47	47	277/2	0.5	1/8	1/8	3/4	1	2	1/8		1/8	1		3	69	A4	4	518
47	47	277/2	0.5	1/8	1/8	3/4	1	1	1/8		1/8	1		7	73	C#5	5	512
47	47	139	1.0	1/4	1/4	3/4	2	1	1/4		1/4	1		9	63	D#4	4	523
47	47	139	1.0	1/4	1/4	3/4	2	1	1/4		1/4	1		6	66	F#4	4	523
47	47	139	1.0	1/4	1/4	3/4	1	2	1/4		1/4	1		3	69	A4	4	519
47	47	139	0.5	1/4	1/4	3/4	1	1	1/8		1/8	1		7	73	C#5	5	513
47	47	279/2	0.5	3/8	3/8	3/4	1	1	1/8		1/8	1		9	75	D#5	5	514
47	47	140	1.0	1/2	1/2	3/4	2	1	1/4		1/4	1		7	61	C#4	4	524
47	47	140	1.0	1/2	1/2	3/4	2	1	1/4		1/4	1		4	64	E4	4	524
47	47	140	1.0	1/2	1/2	3/4	1	2	1/4		1/4	1		8	68	G#4	4	520
47	47	140	1.0	1/2	1/2	3/4	1	2	1/4		1/4	1		7	73	C#5	5	520
47	47	140	0.5	1/2	1/2	3/4	1	1	1/8		1/8	1		4	76	E5	5	515
47	47	281/2	0.5	5/8	5/8	3/4	1	1	1/8		1/8	1		8	80	G#5	5	516
48	48	141	1.0	0	0	3/4	2	1	1/4		1/4	1		5	59	B3	3	535
48	48	141	1.0	0	0	3/4	2	1	1/4		1/4	1		9	63	D#4	4	535
48	48	141	1.0	0	0	3/4	1	2	1/4		1/4	1		6	66	F#4	4	531
48	48	141	1.0	0	0	3/4	1	2	1/4		1/4	1		3	69	A4	4	531
48	48	141	0.5	0	0	3/4	1	1	1/8		1/8	1		7	73	C#5	5	525
48	48	283/2	0.5	1/8	1/8	3/4	1	1	1/8		1/8	1		9	75	D#5	5	526
48	48	142	0.5	1/4	1/4	3/4	2	1	1/8		1/8	1		3	57	A3	3	536
48	48	142	0.5	1/4	1/4	3/4	2	1	1/8		1/8	1		7	61	C#4	4	536
48	48	142	0.5	1/4	1/4	3/4	1	2	1/8		1/8	1		4	64	E4	4	532
48	48	142	0.5	1/4	1/4	3/4	1	2	1/8		1/8	1		3	69	A4	4	532
48	48	142	0.5	1/4	1/4	3/4	1	2	1/8		1/8	1		7	73	C#5	5	532
48	48	142	0.5	1/4	1/4	3/4	1	1	1/8		1/8	1		4	76	E5	5	527
48	48	285/2	0.5	3/8	3/8	3/4	2	1	1/8		1/8	1		8	56	G#3	3	537
48	48	285/2	0.5	3/8	3/8	3/4	2	1	1/8		1/8	1		5	59	B3	3	537
48	48	285/2	0.5	3/8	3/8	3/4	2	1	1/8		1/8	1		9	63	D#4	4	537
48	48	285/2	0.5	3/8	3/8	3/4	1	2	1/8		1/8	1		8	68	G#4	4	533
48	48	285/2	0.5	3/8	3/8	3/4	1	2	1/8		1/8	1		5	71	B4	4	533
48	48	285/2	0.5	3/8	3/8	3/4	1	2	1/8		1/8	1		9	75	D#5	5	533
48	48	285/2	0.5	3/8	3/8	3/4	1	1	1/8		1/8	1		8	80	G#5	5	528
48	48	143	1.0	1/2	1/2	3/4	2	1	1/4		1/4	1		6	54	F#3	3	538
48	48	143	1.0	1/2	1/2	3/4	2	1	1/4		1/4	1		3	57	A3	3	538
48	48	143	1.0	1/2	1/2	3/4	2	1	1/4		1/4	1		7	61	C#4	4	538
48	48	143	1.0	1/2	1/2	3/4	2	1	1/4		1/4	1		6	66	F#4	4	538
48	48	143	1.0	1/2	1/2	3/4	1	2	1/4		1/4	1		3	69	A4	4	534
48	48	143	1.0	1/2	1/2	3/4	1	2	1/4		1/4	1		7	73	C#5	5	534
48	48	143	1.0	1/2	1/2	3/4	1	2	1/4		1/4	1		6	78	F#5	5	534
48	48	143	0.5	1/2	1/2	3/4	1	1	1/8		1/8	1		3	81	A5	5	529
48	48	287/2	0.5	5/8	5/8	3/4	1	1	1/8		1/8	1		7	85	C#6	6	530
49	49	144	1.0	0	0	3/4	2	1	1/4		1/4	1		5	35	B1	1	543
49	49	144	1.0	0	0	3/4	2	1	1/4		1/4	1		6	42	F#2	2	543
49	49	144	1.0	0	0	3/4	2	1	1/4		1/4	1		5	47	B2	2	543
49	49	144	1.0	0	0	3/4	1	2	1/4		1/4	1		9	75	D#5	5	541
49	49	144	1.0	0	0	3/4	1	2	1/4		1/4	1		6	78	F#5	5	541
49	49	144	1.0	0	0	3/4	1	2	1/4		1/4	1		5	83	B5	5	541
49	49	144	1.0	0	0	3/4	1	1	1/4		1/4	1		9	87	D#6	6	539
49	49	145	2.0	1/4	1/4	3/4	2	1	1/2		1/2	1		5	59	B3	3	544
49	49	145	2.0	1/4	1/4	3/4	2	1	1/2		1/2	1		9	63	D#4	4	544
49	49	145	2.0	1/4	1/4	3/4	2	1	1/2		1/2	1		6	66	F#4	4	544
49	49	145	2.0	1/4	1/4	3/4	2	1	1/2		1/2	1		5	71	B4	4	544
49	49	145	2.0	1/4	1/4	3/4	1	2	1/2		1/2	1		9	75	D#5	5	542
49	49	145	2.0	1/4	1/4	3/4	1	2	1/2		1/2	1		6	78	F#5	5	542
49	49	145	2.0	1/4	1/4	3/4	1	2	1/2		1/2	1		5	83	B5	5	542
49	49	145	2.0	1/4	1/4	3/4	1	1	1/2		1/2	1		9	87	D#6	6	540
49	49	1175/8	0.0625	23/32	23/32	3/4	2	2	1/64		1/64	1		8	56	G#3	3	545
49	49	2351/16	0.0625	47/64	47/64	3/4	2	2	1/64		1/64	1		9	63	D#4	4	546
50	50	147	3.0	0	0	3/4	2	2	3/4		1/2	3/2		8	44	G#2	2	553
50	50	147	3.0	0	0	3/4	2	2	3/4		1/2	3/2		9	51	D#3	3	553
50	50	147	1.0	0	0	3/4	2	1	1/4		1/4	1		6	54	F#3	3	550
50	50	147	1.0	0	0	3/4	2	1	1/4		1/4	1		10	58	A#3	3	550
50	50	147	1.0	0	0	3/4	1	1	1/4		1/4	1		9	63	D#4	4	547
50	50	147	1.0	0	0	3/4	1	1	1/4		1/4	1		6	66	F#4	4	547
50	50	147	1.0	0	0	3/4	1	1	1/4		1/4	1		10	70	A#4	4	547
50	50	147	1.0	0	0	3/4	1	1	1/4		1/4	1		9	75	D#5	5	547
50	50	148	1.5	1/4	1/4	3/4	2	1	3/8		1/4	3/2		6	54	F#3	3	551
50	50	148	1.5	1/4	1/4	3/4	2	1	3/8		1/4	3/2		10	58	A#3	3	551
50	50	148	1.5	1/4	1/4	3/4	1	1	3/8		1/4	3/2		9	63	D#4	4	548
50	50	148	1.5	1/4	1/4	3/4	1	1	3/8		1/4	3/2		6	66	F#4	4	548
50	50	148	1.5	1/4	1/4	3/4	1	1	3/8		1/4	3/2		10	70	A#4	4	548
50	50	148	1.5	1/4	1/4	3/4	1	1	3/8		1/4	3/2		9	75	D#5	5	548
50	50	299/2	0.5	5/8	5/8	3/4	2	1	1/8		1/8	1		8	56	G#3	3	552
50	50	299/2	0.5	5/8	5/8	3/4	2	1	1/8		1/8	1		12	60	B#3	3	552
50	50	299/2	0.5	5/8	5/8	3/4	1	1	1/8		1/8	1		11	65	E#4	4	549
50	50	299/2	0.5	5/8	5/8	3/4	1	1	1/8		1/8	1		8	68	G#4	4	549
50	50	299/2	0.5	5/8	5/8	3/4	1	1	1/8		1/8	1		12	72	B#4	4	549
50	50	299/2	0.5	5/8	5/8	3/4	1	1	1/8		1/8	1		11	77	E#5	5	549
51	51	150	1.0	0	0	3/4	2	2	1/4		1/4	1		7	49	C#3	3	564
51	51	150	1.0	0	0	3/4	2	1	1/4		1/4	1		8	56	G#3	3	561
51	51	150	1.0	0	0	3/4	1	2	1/4		1/4	1		7	61	C#4	4	558
51	51	150	1.0	0	0	3/4	1	2	1/4		1/4	1		4	64	E4	4	558
51	51	150	1.0	0	0	3/4	1	2	1/4		1/4	1		8	68	G#4	4	558
51	51	150	0.5	0	0	3/4	1	1	1/8		1/8	1		7	73	C#5	5	554
51	51	301/2	0.5	1/8	1/8	3/4	1	1	1/8		1/8	1		8	68	G#4	4	555
51	51	151	1.0	1/4	1/4	3/4	2	1	1/4		1/4	1		6	42	F#2	2	562
51	51	151	1.0	1/4	1/4	3/4	2	1	1/4		1/4	1		7	49	C#3	3	562
51	51	151	1.0	1/4	1/4	3/4	1	2	1/4		1/4	1		10	58	A#3	3	559
51	51	151	1.0	1/4	1/4	3/4	1	2	1/4		1/4	1		4	64	E4	4	559
51	51	151	1.0	1/4	1/4	3/4	1	1	1/4		1/4	1		8	68	G#4	4	556
51	51	152	1.0	1/2	1/2	3/4	2	1	1/4		1/4	1		5	47	B2	2	563
51	51	152	1.0	1/2	1/2	3/4	2	1	1/4		1/4	1		6	54	F#3	3	563
51	51	152	1.0	1/2	1/2	3/4	1	2	1/4		1/4	1		5	59	B3	3	560
51	51	152	1.0	1/2	1/2	3/4	1	2	1/4		1/4	1		2	62	D4	4	560
51	51	152	1.0	1/2	1/2	3/4	1	1	1/4		1/4	1		6	66	F#4	4	557
51	51	1223/8	0.0625	23/32	23/32	3/4	2	2	1/64		1/64	1		8	44	G#2	2	565
51	51	2447/16	0.0625	47/64	47/64	3/4	2	2	1/64		1/64	1		9	51	D#3	3	566
52	52	153	3.0	0	0	3/4	2	2	3/4		1/2	3/2		8	44	G#2	2	573
52	52	153	3.0	0	0	3/4	2	2	3/4		1/2	3/2		9	51	D#3	3	573
52	52	153	1.0	0	0	3/4	2	1	1/4		1/4	1		6	54	F#3	3	570
52	52	153	1.0	0	0	3/4	2	1	1/4		1/4	1		10	58	A#3	3	570
52	52	153	1.0	0	0	3/4	1	1	1/4		1/4	1		9	63	D#4	4	567
52	52	153	1.0	0	0	3/4	1	1	1/4		1/4	1		6	66	F#4	4	567
52	52	153	1.0	0	0	3/4	1	1	1/4		1/4	1		10	70	A#4	4	567
52	52	153	1.0	0	0	3/4	1	1	1/4		1/4	1		9	75	D#5	5	567
52	52	154	1.5	1/4	1/4	3/4	2	1	3/8		1/4	3/2		6	54	F#3	3	571
52	52	154	1.5	1/4	1/4	3/4	2	1	3/8		1/4	3/2		10	58	A#3	3	571
52	52	154	1.5	1/4	1/4	3/4	1	1	3/8		1/4	3/2		9	63	D#4	4	568
52	52	154	1.5	1/4	1/4	3/4	1	1	3/8		1/4	3/2		6	66	F#4	4	568
52	52	154	1.5	1/4	1/4	3/4	1	1	3/8		1/4	3/2		10	70	A#4	4	568
52	52	154	1.5	1/4	1/4	3/4	1	1	3/8		1/4	3/2		9	75	D#5	5	568
52	52	311/2	0.5	5/8	5/8	3/4	2	1	1/8		1/8	1		8	56	G#3	3	572
52	52	311/2	0.5	5/8	5/8	3/4	2	1	1/8		1/8	1		12	60	B#3	3	572
52	52	311/2	0.5	5/8	5/8	3/4	1	1	1/8		1/8	1		11	65	E#4	4	569
52	52	311/2	0.5	5/8	5/8	3/4	1	1	1/8		1/8	1		8	68	G#4	4	569
52	52	311/2	0.5	5/8	5/8	3/4	1	1	1/8		1/8	1		12	72	B#4	4	569
52	52	311/2	0.5	5/8	5/8	3/4	1	1	1/8		1/8	1		11	77	E#5	5	569
53	53	156	1.0	0	0	3/4	2	2	1/4		1/4	1		7	49	C#3	3	582
53	53	156	1.0	0	0	3/4	2	1	1/4		1/4	1		8	56	G#3	3	579
53	53	156	1.0	0	0	3/4	1	2	1/4		1/4	1		7	61	C#4	4	578
53	53	156	1.0	0	0	3/4	1	2	1/4		1/4	1		4	64	E4	4	578
53	53	156	1.0	0	0	3/4	1	2	1/4		1/4	1		8	68	G#4	4	578
53	53	156	0.5	0	0	3/4	1	1	1/8		1/8	1		7	73	C#5	5	574
53	53	313/2	0.5	1/8	1/8	3/4	1	1	1/8		1/8	1		8	68	G#4	4	575
53	53	627/4	0.05	3/16	3/16	3/4	2	3	1/80		1/64	4/5		4	40	E2	2	585
53	53	784/5	0.05	1/5	1/5	3/4	2	3	1/80		1/64	4/5		5	47	B2	2	586
53	53	3137/20	0.05	17/80	17/80	3/4	2	3	1/80		1/64	4/5		4	52	E3	3	587
53	53	1569/10	0.05	9/40	9/40	3/4	2	3	1/80		1/64	4/5		8	56	G#3	3	588
53	53	3139/20	0.05	19/80	19/80	3/4	2	3	1/80		1/64	4/5		5	59	B3	3	589
53	53	157	1.5	1/4	1/4	3/4	2	2	3/8		1/4	3/2		4	40	E2	2	583
53	53	157	1.5	1/4	1/4	3/4	2	2	3/8		1/4	3/2		5	47	B2	2	583
53	53	157	1.5	1/4	1/4	3/4	2	2	3/8		1/4	3/2		4	52	E3	3	583
53	53	157	1.5	1/4	1/4	3/4	2	2	3/8		1/4	3/2		8	56	G#3	3	583
53	53	157	1.5	1/4	1/4	3/4	2	1	3/8		1/4	3/2		5	59	B3	3	580
53	53	157	1.5	1/4	1/4	3/4	2	1	3/8		1/4	3/2		4	64	E4	4	580
53	53	157	1.5	1/4	1/4	3/4	1	1	3/8		1/4	3/2		8	68	G#4	4	576
53	53	157	1.5	1/4	1/4	3/4	1	1	3/8		1/4	3/2		5	71	B4	4	576
53	53	157	1.5	1/4	1/4	3/4	1	1	3/8		1/4	3/2		4	76	E5	5	576
53	53	157	1.5	1/4	1/4	3/4	1	1	3/8		1/4	3/2		8	80	G#5	5	576
53	53	1267/8	0.041666666666666664	19/32	19/32	3/4	2	3	1/96		1/64	2/3		5	47	B2	2	590
53	53	1901/12	0.041666666666666664	29/48	29/48	3/4	2	3	1/96		1/64	2/3		6	54	F#3	3	591
53	53	3803/24	0.041666666666666664	59/96	59/96	3/4	2	3	1/96		1/64	2/3		5	59	B3	3	592
53	53	317/2	0.5	5/8	5/8	3/4	2	2	1/8		1/8	1		5	47	B2	2	584
53	53	317/2	0.5	5/8	5/8	3/4	2	2	1/8		1/8	1		6	54	F#3	3	584
53	53	317/2	0.5	5/8	5/8	3/4	2	1	1/8		1/8	1		5	59	B3	3	581
53	53	317/2	0.5	5/8	5/8	3/4	2	1	1/8		1/8	1		2	62	D4	4	581
53	53	317/2	0.5	5/8	5/8	3/4	1	1	1/8		1/8	1		6	66	F#4	4	577
53	53	317/2	0.5	5/8	5/8	3/4	1	1	1/8		1/8	1		5	71	B4	4	577
53	53	317/2	0.5	5/8	5/8	3/4	1	1	1/8		1/8	1		2	74	D5	5	577
53	53	317/2	0.5	5/8	5/8	3/4	1	1	1/8		1/8	1		6	78	F#5	5	577
53	53	1271/8	0.041666666666666664	23/32	23/32	3/4	2	3	1/96		1/64	2/3		4	52	E3	3	593
53	53	1907/12	0.041666666666666664	35/48	35/48	3/4	2	3	1/96		1/64	2/3		8	56	G#3	3	594
53	53	3815/24	0.041666666666666664	71/96	71/96	3/4	2	3	1/96		1/64	2/3		5	59	B3	3	595
54	54	159	0.5	0	0	3/4	2	2	1/8		1/8	1		4	52	E3	3	610
54	54	159	0.5	0	0	3/4	2	2	1/8		1/8	1		8	56	G#3	3	610
54	54	159	0.5	0	0	3/4	2	1	1/8		1/8	1		5	59	B3	3	603
54	54	159	0.5	0	0	3/4	2	1	1/8		1/8	1		4	64	E4	4	603
54	54	159	0.5	0	0	3/4	1	1	1/8		1/8	1		8	68	G#4	4	596
54	54	159	0.5	0	0	3/4	1	1	1/8		1/8	1		5	71	B4	4	596
54	54	159	0.5	0	0	3/4	1	1	1/8		1/8	1		4	76	E5	5	596
54	54	159	0.5	0	0	3/4	1	1	1/8		1/8	1		8	80	G#5	5	596
54	54	1913/12	0.041666666666666664	5/48	5/48	3/4	2	3	1/96		1/64	2/3		5	47	B2	2	617
54	54	3827/24	0.041666666666666664	11/96	11/96	3/4	2	3	1/96		1/64	2/3		6	54	F#3	3	618
54	54	319/2	0.25	1/8	1/8	3/4	2	2	1/16		1/16	1		5	47	B2	2	611
54	54	319/2	0.25	1/8	1/8	3/4	2	2	1/16		1/16	1		6	54	F#3	3	611
54	54	319/2	0.25	1/8	1/8	3/4	2	1	1/16		1/16	1		5	59	B3	3	604
54	54	319/2	0.25	1/8	1/8	3/4	2	1	1/16		1/16	1		2	62	D4	4	604
54	54	319/2	0.25	1/8	1/8	3/4	1	1	1/16		1/16	1		6	66	F#4	4	597
54	54	319/2	0.25	1/8	1/8	3/4	1	1	1/16		1/16	1		5	71	B4	4	597
54	54	319/2	0.25	1/8	1/8	3/4	1	1	1/16		1/16	1		2	74	D5	5	597
54	54	319/2	0.25	1/8	1/8	3/4	1	1	1/16		1/16	1		6	78	F#5	5	597
54	54	639/4	0.25	3/16	3/16	3/4	2	2	1/16		1/16	1		4	52	E3	3	612
54	54	639/4	0.25	3/16	3/16	3/4	2	1	1/16		1/16	1		5	59	B3	3	605
54	54	639/4	0.25	3/16	3/16	3/4	2	1	1/16		1/16	1		4	64	E4	4	605
54	54	639/4	0.25	3/16	3/16	3/4	1	1	1/16		1/16	1		8	68	G#4	4	598
54	54	639/4	0.25	3/16	3/16	3/4	1	1	1/16		1/16	1		5	71	B4	4	598
54	54	639/4	0.25	3/16	3/16	3/4	1	1	1/16		1/16	1		4	76	E5	5	598
54	54	639/4	0.25	3/16	3/16	3/4	1	1	1/16		1/16	1		8	80	G#5	5	598
54	54	160	0.5	1/4	1/4	3/4	2	2	1/8		1/8	1		4	52	E3	3	613
54	54	160	0.5	1/4	1/4	3/4	2	1	1/8		1/8	1		5	59	B3	3	606
54	54	160	0.5	1/4	1/4	3/4	2	1	1/8		1/8	1		4	64	E4	4	606
54	54	160	0.5	1/4	1/4	3/4	1	1	1/8		1/8	1		8	68	G#4	4	599
54	54	160	0.5	1/4	1/4	3/4	1	1	1/8		1/8	1		5	71	B4	4	599
54	54	160	0.5	1/4	1/4	3/4	1	1	1/8		1/8	1		4	76	E5	5	599
54	54	160	0.5	1/4	1/4	3/4	1	1	1/8		1/8	1		8	80	G#5	5	599
54	54	1925/12	0.041666666666666664	17/48	17/48	3/4	2	3	1/96		1/64	2/3		5	47	B2	2	619
54	54	3851/24	0.041666666666666664	35/96	35/96	3/4	2	3	1/96		1/64	2/3		6	54	F#3	3	620
54	54	321/2	0.5	3/8	3/8	3/4	2	2	1/8		1/8	1		5	47	B2	2	614
54	54	321/2	0.5	3/8	3/8	3/4	2	2	1/8		1/8	1		6	54	F#3	3	614
54	54	321/2	0.5	3/8	3/8	3/4	2	1	1/8		1/8	1		5	59	B3	3	607
54	54	321/2	0.5	3/8	3/8	3/4	2	1	1/8		1/8	1		2	62	D4	4	607
54	54	321/2	0.5	3/8	3/8	3/4	1	1	1/8		1/8	1		6	66	F#4	4	600
54	54	321/2	0.5	3/8	3/8	3/4	1	1	1/8		1/8	1		5	71	B4	4	600
54	54	321/2	0.5	3/8	3/8	3/4	1	1	1/8		1/8	1		2	74	D5	5	600
54	54	321/2	0.5	3/8	3/8	3/4	1	1	1/8		1/8	1		6	78	F#5	5	600
54	54	161	0.5	1/2	1/2	3/4	2	2	1/8		1/8	1		4	52	E3	3	615
54	54	161	0.5	1/2	1/2	3/4	2	1	1/8		1/8	1		5	59	B3	3	608
54	54	161	0.5	1/2	1/2	3/4	2	1	1/8		1/8	1		4	64	E4	4	608
54	54	161	0.5	1/2	1/2	3/4	1	1	1/8		1/8	1		8	68	G#4	4	601
54	54	161	0.5	1/2	1/2	3/4	1	1	1/8		1/8	1		5	71	B4	4	601
54	54	161	0.5	1/2	1/2	3/4	1	1	1/8		1/8	1		4	76	E5	5	601
54	54	161	0.5	1/2	1/2	3/4	1	1	1/8		1/8	1		8	80	G#5	5	601
54	54	1937/12	0.041666666666666664	29/48	29/48	3/4	2	3	1/96		1/64	2/3		9	51	D#3	3	621
54	54	3875/24	0.041666666666666664	59/96	59/96	3/4	2	3	1/96		1/64	2/3		10	58	A#3	3	622
54	54	323/2	0.5	5/8	5/8	3/4	2	2	1/8		1/8	1		9	51	D#3	3	616
54	54	323/2	0.5	5/8	5/8	3/4	2	2	1/8		1/8	1		10	58	A#3	3	616
54	54	323/2	0.5	5/8	5/8	3/4	2	1	1/8		1/8	1		9	63	D#4	4	609
54	54	323/2	0.5	5/8	5/8	3/4	2	1	1/8		1/8	1		13	67	F##4	4	609
54	54	323/2	0.5	5/8	5/8	3/4	1	1	1/8		1/8	1		10	70	A#4	4	602
54	54	323/2	0.5	5/8	5/8	3/4	1	1	1/8		1/8	1		9	75	D#5	5	602
54	54	323/2	0.5	5/8	5/8	3/4	1	1	1/8		1/8	1		13	79	F##5	5	602
54	54	323/2	0.5	5/8	5/8	3/4	1	1	1/8		1/8	1		10	82	A#5	5	602
54	54	1943/12	0.041666666666666664	35/48	35/48	3/4	2	3	1/96		1/64	2/3		9	51	D#3	3	623
54	54	3887/24	0.041666666666666664	71/96	71/96	3/4	2	3	1/96		1/64	2/3		10	58	A#3	3	624
55	55	162	3.0	0	0	3/4	2	2	3/4		1/2	3/2		9	51	D#3	3	629
55	55	162	3.0	0	0	3/4	2	2	3/4		1/2	3/2		10	58	A#3	3	629
55	55	162	3.0	0	0	3/4	2	1	3/4		1/2	3/2		9	63	D#4	4	628
55	55	162	3.0	0	0	3/4	2	1	3/4		1/2	3/2		13	67	F##4	4	628
55	55	162	3.0	0	0	3/4	1	1	3/4		1/2	3/2		10	70	A#4	4	625
55	55	162	3.0	0	0	3/4	1	1	3/4		1/2	3/2		9	75	D#5	5	625
55	55	162	3.0	0	0	3/4	1	1	3/4		1/2	3/2		13	79	F##5	5	625
55	55	162	3.0	0	0	3/4	1	1	3/4		1/2	3/2		10	82	A#5	5	625
55	55	163	1.0	1/4	1/4	3/4	2	3	1/4		1/4	1		9	27	D#1	1	630
55	55	163	1.0	1/4	1/4	3/4	2	3	1/4		1/4	1		9	39	D#2	2	630
55	55	163	1.0	1/4	1/4	3/4	1	2	1/4		1/4	1		9	51	D#3	3	626
55	55	164	1.0	1/2	1/2	3/4	2	3	1/4		1/4	1		9	39	D#2	2	631
55	55	164	1.0	1/2	1/2	3/4	2	3	1/4		1/4	1		9	51	D#3	3	631
55	55	164	1.0	1/2	1/2	3/4	1	2	1/4		1/4	1		9	63	D#4	4	627
56	56	165	1.0	0	0	3/4	2	1	1/4		1/4	1		8	56	G#3	3	641
56	56	165	1.0	0	0	3/4	2	1	1/4		1/4	1		5	59	B3	3	641
56	56	165	1.0	0	0	3/4	2	1	1/4		1/4	1		9	63	D#4	4	641
56	56	165	1.0	0	0	3/4	2	1	1/4		1/4	1		8	68	G#4	4	641
56	56	165	1.0	0	0	3/4	1	2	1/4		1/4	1		5	71	B4	4	638
56	56	165	1.0	0	0	3/4	1	2	1/4		1/4	1		9	75	D#5	5	638
56	56	165	1.0	0	0	3/4	1	2	1/4		1/4	1		8	80	G#5	5	638
56	56	165	0.25	0	0	3/4	1	1	1/16		1/16	1		5	83	B5	5	632
56	56	661/4	0.25	1/16	1/16	3/4	1	1	1/16		1/16	1		10	82	A#5	5	633
56	56	331/2	0.5	1/8	1/8	3/4	1	1	1/8		1/8	1		8	80	G#5	5	634
56	56	166	1.0	1/4	1/4	3/4	2	1	1/4		1/4	1		6	54	F#3	3	642
56	56	166	1.0	1/4	1/4	3/4	2	1	1/4		1/4	1		10	58	A#3	3	642
56	56	166	1.0	1/4	1/4	3/4	2	1	1/4		1/4	1		7	61	C#4	4	642
56	56	166	1.0	1/4	1/4	3/4	2	1	1/4		1/4	1		6	66	F#4	4	642
56	56	166	1.0	1/4	1/4	3/4	1	2	1/4		1/4	1		10	70	A#4	4	639
56	56	166	1.0	1/4	1/4	3/4	1	2	1/4		1/4	1		7	73	C#5	5	639
56	56	166	1.0	1/4	1/4	3/4	1	2	1/4		1/4	1		6	78	F#5	5	639
56	56	166	1.0	1/4	1/4	3/4	1	1	1/4		1/4	1	1	8	80	G#5	5	635
56	56	167	1.0	1/2	1/2	3/4	2	1	1/4		1/4	1		4	52	E3	3	643
56	56	167	1.0	1/2	1/2	3/4	2	1	1/4		1/4	1		8	56	G#3	3	643
56	56	167	1.0	1/2	1/2	3/4	2	1	1/4		1/4	1		5	59	B3	3	643
56	56	167	1.0	1/2	1/2	3/4	2	1	1/4		1/4	1		4	64	E4	4	643
56	56	167	1.0	1/2	1/2	3/4	1	2	1/4		1/4	1		8	68	G#4	4	640
56	56	167	1.0	1/2	1/2	3/4	1	2	1/4		1/4	1		5	71	B4	4	640
56	56	167	1.0	1/2	1/2	3/4	1	2	1/4		1/4	1		4	76	E5	5	640
56	56	167	0.5	1/2	1/2	3/4	1	1	1/8		1/8	1	-1	8	80	G#5	5	636
56	56	335/2	0.5	5/8	5/8	3/4	1	1	1/8		1/8	1		7	85	C#6	6	637
57	57	168	1.0	0	0	3/4	2	1	1/4		1/4	1		8	56	G#3	3	653
57	57	168	1.0	0	0	3/4	2	1	1/4		1/4	1		5	59	B3	3	653
57	57	168	1.0	0	0	3/4	2	1	1/4		1/4	1		9	63	D#4	4	653
57	57	168	1.0	0	0	3/4	2	1	1/4		1/4	1		8	68	G#4	4	653
57	57	168	1.0	0	0	3/4	1	2	1/4		1/4	1		5	71	B4	4	650
57	57	168	1.0	0	0	3/4	1	2	1/4		1/4	1		9	75	D#5	5	650
57	57	168	1.0	0	0	3/4	1	2	1/4		1/4	1		8	80	G#5	5	650
57	57	168	0.25	0	0	3/4	1	1	1/16		1/16	1		5	83	B5	5	644
57	57	673/4	0.25	1/16	1/16	3/4	1	1	1/16		1/16	1		10	82	A#5	5	645
57	57	337/2	0.5	1/8	1/8	3/4	1	1	1/8		1/8	1		8	80	G#5	5	646
57	57	169	1.0	1/4	1/4	3/4	2	1	1/4		1/4	1		6	54	F#3	3	654
57	57	169	1.0	1/4	1/4	3/4	2	1	1/4		1/4	1		10	58	A#3	3	654
57	57	169	1.0	1/4	1/4	3/4	2	1	1/4		1/4	1		7	61	C#4	4	654
57	57	169	1.0	1/4	1/4	3/4	2	1	1/4		1/4	1		6	66	F#4	4	654
57	57	169	1.0	1/4	1/4	3/4	1	2	1/4		1/4	1		10	70	A#4	4	651
57	57	169	1.0	1/4	1/4	3/4	1	2	1/4		1/4	1		7	73	C#5	5	651
57	57	169	1.0	1/4	1/4	3/4	1	2	1/4		1/4	1		6	78	F#5	5	651
57	57	169	1.0	1/4	1/4	3/4	1	1	1/4		1/4	1	1	8	80	G#5	5	647
57	57	170	1.0	1/2	1/2	3/4	2	1	1/4		1/4	1		4	52	E3	3	655
57	57	170	1.0	1/2	1/2	3/4	2	1	1/4		1/4	1		8	56	G#3	3	655
57	57	170	1.0	1/2	1/2	3/4	2	1	1/4		1/4	1		5	59	B3	3	655
57	57	170	1.0	1/2	1/2	3/4	2	1	1/4		1/4	1		4	64	E4	4	655
57	57	170	1.0	1/2	1/2	3/4	1	2	1/4		1/4	1		8	68	G#4	4	652
57	57	170	1.0	1/2	1/2	3/4	1	2	1/4		1/4	1		5	71	B4	4	652
57	57	170	1.0	1/2	1/2	3/4	1	2	1/4		1/4	1		4	76	E5	5	652
57	57	170	0.5	1/2	1/2	3/4	1	1	1/8		1/8	1	-1	8	80	G#5	5	648
57	57	341/2	0.5	5/8	5/8	3/4	1	1	1/8		1/8	1		7	85	C#6	6	649
58	58	171	0.5	0	0	3/4	2	1	1/8		1/8	1		8	56	G#3	3	662
58	58	171	0.5	0	0	3/4	2	1	1/8		1/8	1		5	59	B3	3	662
58	58	171	0.5	0	0	3/4	2	1	1/8		1/8	1		9	63	D#4	4	662
58	58	171	0.5	0	0	3/4	2	1	1/8		1/8	1		8	68	G#4	4	662
58	58	171	0.5	0	0	3/4	1	1	1/8		1/8	1		5	71	B4	4	656
58	58	171	0.5	0	0	3/4	1	1	1/8		1/8	1		9	75	D#5	5	656
58	58	171	0.5	0	0	3/4	1	1	1/8		1/8	1		8	80	G#5	5	656
58	58	171	0.5	0	0	3/4	1	1	1/8		1/8	1		5	83	B5	5	656
58	58	343/2	0.5	1/8	1/8	3/4	2	1	1/8		1/8	1		10	58	A#3	3	663
58	58	343/2	0.5	1/8	1/8	3/4	2	1	1/8		1/8	1		7	61	C#4	4	663
58	58	343/2	0.5	1/8	1/8	3/4	2	1	1/8		1/8	1		6	66	F#4	4	663
58	58	343/2	0.5	1/8	1/8	3/4	1	1	1/8		1/8	1		10	70	A#4	4	657
58	58	343/2	0.5	1/8	1/8	3/4	1	1	1/8		1/8	1		7	73	C#5	5	657
58	58	343/2	0.5	1/8	1/8	3/4	1	1	1/8		1/8	1		6	78	F#5	5	657
58	58	343/2	0.5	1/8	1/8	3/4	1	1	1/8		1/8	1		10	82	A#5	5	657
58	58	172	0.5	1/4	1/4	3/4	2	1	1/8		1/8	1		7	61	C#4	4	664
58	58	172	0.5	1/4	1/4	3/4	2	1	1/8		1/8	1		4	64	E4	4	664
58	58	172	0.5	1/4	1/4	3/4	1	1	1/8		1/8	1		8	68	G#4	4	658
58	58	172	0.5	1/4	1/4	3/4	1	1	1/8		1/8	1		7	73	C#5	5	658
58	58	172	0.5	1/4	1/4	3/4	1	1	1/8		1/8	1		4	76	E5	5	658
58	58	172	0.5	1/4	1/4	3/4	1	1	1/8		1/8	1		8	80	G#5	5	658
58	58	345/2	0.5	3/8	3/8	3/4	2	1	1/8		1/8	1		10	58	A#3	3	665
58	58	345/2	0.5	3/8	3/8	3/4	2	1	1/8		1/8	1		7	61	C#4	4	665
58	58	345/2	0.5	3/8	3/8	3/4	2	1	1/8		1/8	1		6	66	F#4	4	665
58	58	345/2	0.5	3/8	3/8	3/4	1	1	1/8		1/8	1		10	70	A#4	4	659
58	58	345/2	0.5	3/8	3/8	3/4	1	1	1/8		1/8	1		7	73	C#5	5	659
58	58	345/2	0.5	3/8	3/8	3/4	1	1	1/8		1/8	1		6	78	F#5	5	659
58	58	345/2	0.5	3/8	3/8	3/4	1	1	1/8		1/8	1		10	82	A#5	5	659
58	58	173	0.5	1/2	1/2	3/4	2	1	1/8		1/8	1		8	56	G#3	3	666
58	58	173	0.5	1/2	1/2	3/4	2	1	1/8		1/8	1		5	59	B3	3	666
58	58	173	0.5	1/2	1/2	3/4	2	1	1/8		1/8	1		9	63	D#4	4	666
58	58	173	0.5	1/2	1/2	3/4	2	1	1/8		1/8	1		8	68	G#4	4	666
58	58	173	0.5	1/2	1/2	3/4	1	1	1/8		1/8	1		5	71	B4	4	660
58	58	173	0.5	1/2	1/2	3/4	1	1	1/8		1/8	1		9	75	D#5	5	660
58	58	173	0.5	1/2	1/2	3/4	1	1	1/8		1/8	1		8	80	G#5	5	660
58	58	173	0.5	1/2	1/2	3/4	1	1	1/8		1/8	1		5	83	B5	5	660
58	58	347/2	0.5	5/8	5/8	3/4	2	1	1/8		1/8	1		6	54	F#3	3	667
58	58	347/2	0.5	5/8	5/8	3/4	2	1	1/8		1/8	1		7	61	C#4	4	667
58	58	347/2	0.5	5/8	5/8	3/4	2	1	1/8		1/8	1		6	66	F#4	4	667
58	58	347/2	0.5	5/8	5/8	3/4	2	1	1/8		1/8	1		10	70	A#4	4	667
58	58	347/2	0.5	5/8	5/8	3/4	1	1	1/8		1/8	1		7	73	C#5	5	661
58	58	347/2	0.5	5/8	5/8	3/4	1	1	1/8		1/8	1		6	78	F#5	5	661
58	58	347/2	0.5	5/8	5/8	3/4	1	1	1/8		1/8	1		10	82	A#5	5	661
58	58	347/2	0.5	5/8	5/8	3/4	1	1	1/8		1/8	1		7	85	C#6	6	661
58	58	1391/8	0.0625	23/32	23/32	3/4	2	2	1/64		1/64	1		9	51	D#3	3	668
58	58	2783/16	0.0625	47/64	47/64	3/4	2	2	1/64		1/64	1		10	58	A#3	3	669
59	59	174	1.0	0	0	3/4	2	2	1/4		1/4	1		9	51	D#3	3	674
59	59	174	1.0	0	0	3/4	2	2	1/4		1/4	1		10	58	A#3	3	674
59	59	174	1.0	0	0	3/4	2	1	1/4		1/4	1		9	63	D#4	4	672
59	59	174	1.0	0	0	3/4	2	1	1/4		1/4	1		13	67	F##4	4	672
59	59	174	1.0	0	0	3/4	2	1	1/4		1/4	1		10	70	A#4	4	672
59	59	174	1.0	0	0	3/4	1	1	1/4		1/4	1		9	75	D#5	5	670
59	59	174	1.0	0	0	3/4	1	1	1/4		1/4	1		13	79	F##5	5	670
59	59	174	1.0	0	0	3/4	1	1	1/4		1/4	1		10	82	A#5	5	670
59	59	174	1.0	0	0	3/4	1	1	1/4		1/4	1		9	87	D#6	6	670
59	59	175	2.0	1/4	1/4	3/4	2	1	1/2		1/2	1		9	63	D#4	4	673
59	59	175	2.0	1/4	1/4	3/4	2	1	1/2		1/2	1		13	67	F##4	4	673
59	59	175	2.0	1/4	1/4	3/4	2	1	1/2		1/2	1		10	70	A#4	4	673
59	59	175	2.0	1/4	1/4	3/4	1	1	1/2		1/2	1		9	75	D#5	5	671
59	59	175	2.0	1/4	1/4	3/4	1	1	1/2		1/2	1		13	79	F##5	5	671
59	59	175	2.0	1/4	1/4	3/4	1	1	1/2		1/2	1		10	82	A#5	5	671
59	59	175	2.0	1/4	1/4	3/4	1	1	1/2		1/2	1		9	87	D#6	6	671
59	59	176	1.0	1/2	1/2	3/4	2	2	1/4		1/4	1		9	51	D#3	3	675
60	60	177	1.0	0	0	3/4	2	1	1/4		1/4	1		7	49	C#3	3	685
60	60	177	1.0	0	0	3/4	2	1	1/4		1/4	1		8	56	G#3	3	685
60	60	177	1.0	0	0	3/4	2	1	1/4		1/4	1		7	61	C#4	4	685
60	60	177	1.0	0	0	3/4	1	2	1/4		1/4	1		4	64	E4	4	682
60	60	177	1.0	0	0	3/4	1	2	1/4		1/4	1		8	68	G#4	4	682
60	60	177	1.0	0	0	3/4	1	2	1/4		1/4	1		7	73	C#5	5	682
60	60	177	0.25	0	0	3/4	1	1	1/16		1/16	1		4	76	E5	5	676
60	60	709/4	0.25	1/16	1/16	3/4	1	1	1/16		1/16	1		9	75	D#5	5	677
60	60	355/2	0.5	1/8	1/8	3/4	1	1	1/8		1/8	1		7	73	C#5	5	678
60	60	178	1.0	1/4	1/4	3/4	2	1	1/4		1/4	1		5	47	B2	2	686
60	60	178	1.0	1/4	1/4	3/4	2	1	1/4		1/4	1		6	54	F#3	3	686
60	60	178	1.0	1/4	1/4	3/4	2	1	1/4		1/4	1		5	59	B3	3	686
60	60	178	1.0	1/4	1/4	3/4	1	2	1/4		1/4	1		9	63	D#4	4	683
60	60	178	1.0	1/4	1/4	3/4	1	2	1/4		1/4	1		6	66	F#4	4	683
60	60	178	1.0	1/4	1/4	3/4	1	2	1/4		1/4	1		5	71	B4	4	683
60	60	178	1.0	1/4	1/4	3/4	1	1	1/4		1/4	1	1	7	73	C#5	5	679
60	60	179	1.0	1/2	1/2	3/4	2	1	1/4		1/4	1		3	45	A2	2	687
60	60	179	1.0	1/2	1/2	3/4	2	1	1/4		1/4	1		4	52	E3	3	687
60	60	179	1.0	1/2	1/2	3/4	2	1	1/4		1/4	1		3	57	A3	3	687
60	60	179	1.0	1/2	1/2	3/4	1	2	1/4		1/4	1		7	61	C#4	4	684
60	60	179	1.0	1/2	1/2	3/4	1	2	1/4		1/4	1		4	64	E4	4	684
60	60	179	1.0	1/2	1/2	3/4	1	2	1/4		1/4	1		3	69	A4	4	684
60	60	179	0.5	1/2	1/2	3/4	1	1	1/8		1/8	1	-1	7	73	C#5	5	680
60	60	359/2	0.5	5/8	5/8	3/4	1	1	1/8		1/8	1		6	78	F#5	5	681
61	61	180	1.0	0	0	3/4	2	1	1/4		1/4	1		7	49	C#3	3	697
61	61	180	1.0	0	0	3/4	2	1	1/4		1/4	1		8	56	G#3	3	697
61	61	180	1.0	0	0	3/4	2	1	1/4		1/4	1		7	61	C#4	4	697
61	61	180	1.0	0	0	3/4	1	2	1/4		1/4	1		4	64	E4	4	694
61	61	180	1.0	0	0	3/4	1	2	1/4		1/4	1		8	68	G#4	4	694
61	61	180	1.0	0	0	3/4	1	2	1/4		1/4	1		7	73	C#5	5	694
61	61	180	0.25	0	0	3/4	1	1	1/16		1/16	1		4	76	E5	5	688
61	61	721/4	0.25	1/16	1/16	3/4	1	1	1/16		1/16	1		9	75	D#5	5	689
61	61	361/2	0.5	1/8	1/8	3/4	1	1	1/8		1/8	1		7	73	C#5	5	690
61	61	181	1.0	1/4	1/4	3/4	2	1	1/4		1/4	1		5	47	B2	2	698
61	61	181	1.0	1/4	1/4	3/4	2	1	1/4		1/4	1		6	54	F#3	3	698
61	61	181	1.0	1/4	1/4	3/4	2	1	1/4		1/4	1		5	59	B3	3	698
61	61	181	1.0	1/4	1/4	3/4	1	2	1/4		1/4	1		9	63	D#4	4	695
61	61	181	1.0	1/4	1/4	3/4	1	2	1/4		1/4	1		6	66	F#4	4	695
61	61	181	1.0	1/4	1/4	3/4	1	2	1/4		1/4	1		5	71	B4	4	695
61	61	181	1.0	1/4	1/4	3/4	1	1	1/4		1/4	1	1	7	73	C#5	5	691
61	61	182	1.0	1/2	1/2	3/4	2	1	1/4		1/4	1		3	45	A2	2	699
61	61	182	1.0	1/2	1/2	3/4	2	1	1/4		1/4	1		4	52	E3	3	699
61	61	182	1.0	1/2	1/2	3/4	2	1	1/4		1/4	1		3	57	A3	3	699
61	61	182	1.0	1/2	1/2	3/4	1	2	1/4		1/4	1		7	61	C#4	4	696
61	61	182	1.0	1/2	1/2	3/4	1	2	1/4		1/4	1		4	64	E4	4	696
61	61	182	1.0	1/2	1/2	3/4	1	2	1/4		1/4	1		3	69	A4	4	696
61	61	182	0.5	1/2	1/2	3/4	1	1	1/8		1/8	1	-1	7	73	C#5	5	692
61	61	365/2	0.5	5/8	5/8	3/4	1	1	1/8		1/8	1		6	78	F#5	5	693
62	62	183	0.5	0	0	3/4	2	1	1/8		1/8	1		7	49	C#3	3	706
62	62	183	0.5	0	0	3/4	2	1	1/8		1/8	1		8	56	G#3	3	706
62	62	183	0.5	0	0	3/4	2	1	1/8		1/8	1		7	61	C#4	4	706
62	62	183	0.5	0	0	3/4	1	1	1/8		1/8	1		4	64	E4	4	700
62	62	183	0.5	0	0	3/4	1	1	1/8		1/8	1		8	68	G#4	4	700
62	62	183	0.5	0	0	3/4	1	1	1/8		1/8	1		7	73	C#5	5	700
62	62	183	0.5	0	0	3/4	1	1	1/8		1/8	1		4	76	E5	5	700
62	62	367/2	0.5	1/8	1/8	3/4	2	1	1/8		1/8	1		9	51	D#3	3	707
62	62	367/2	0.5	1/8	1/8	3/4	2	1	1/8		1/8	1		10	58	A#3	3	707
62	62	367/2	0.5	1/8	1/8	3/4	1	1	1/8		1/8	1		9	63	D#4	4	701
62	62	367/2	0.5	1/8	1/8	3/4	1	1	1/8		1/8	1		13	67	F##4	4	701
62	62	367/2	0.5	1/8	1/8	3/4	1	1	1/8		1/8	1		10	70	A#4	4	701
62	62	367/2	0.5	1/8	1/8	3/4	1	1	1/8		1/8	1		9	75	D#5	5	701
62	62	184	0.5	1/4	1/4	3/4	2	1	1/8		1/8	1		6	54	F#3	3	708
62	62	184	0.5	1/4	1/4	3/4	2	1	1/8		1/8	1		3	57	A3	3	708
62	62	184	0.5	1/4	1/4	3/4	1	1	1/8		1/8	1		7	61	C#4	4	702
62	62	184	0.5	1/4	1/4	3/4	1	1	1/8		1/8	1		6	66	F#4	4	702
62	62	184	0.5	1/4	1/4	3/4	1	1	1/8		1/8	1		3	69	A4	4	702
62	62	184	0.5	1/4	1/4	3/4	1	1	1/8		1/8	1		7	73	C#5	5	702
62	62	369/2	0.5	3/8	3/8	3/4	2	1	1/8		1/8	1		9	51	D#3	3	709
62	62	369/2	0.5	3/8	3/8	3/4	2	1	1/8		1/8	1		10	58	A#3	3	709
62	62	369/2	0.5	3/8	3/8	3/4	1	1	1/8		1/8	1		9	63	D#4	4	703
62	62	369/2	0.5	3/8	3/8	3/4	1	1	1/8		1/8	1		13	67	F##4	4	703
62	62	369/2	0.5	3/8	3/8	3/4	1	1	1/8		1/8	1		10	70	A#4	4	703
62	62	369/2	0.5	3/8	3/8	3/4	1	1	1/8		1/8	1		9	75	D#5	5	703
62	62	185	0.5	1/2	1/2	3/4	2	1	1/8		1/8	1		7	49	C#3	3	710
62	62	185	0.5	1/2	1/2	3/4	2	1	1/8		1/8	1		8	56	G#3	3	710
62	62	185	0.5	1/2	1/2	3/4	2	1	1/8		1/8	1		7	61	C#4	4	710
62	62	185	0.5	1/2	1/2	3/4	1	1	1/8		1/8	1		4	64	E4	4	704
62	62	185	0.5	1/2	1/2	3/4	1	1	1/8		1/8	1		8	68	G#4	4	704
62	62	185	0.5	1/2	1/2	3/4	1	1	1/8		1/8	1		7	73	C#5	5	704
62	62	185	0.5	1/2	1/2	3/4	1	1	1/8		1/8	1		4	76	E5	5	704
62	62	371/2	0.5	5/8	5/8	3/4	2	1	1/8		1/8	1		5	47	B2	2	711
62	62	371/2	0.5	5/8	5/8	3/4	2	1	1/8		1/8	1		6	54	F#3	3	711
62	62	371/2	0.5	5/8	5/8	3/4	2	1	1/8		1/8	1		9	63	D#4	4	711
62	62	371/2	0.5	5/8	5/8	3/4	1	1	1/8		1/8	1		6	66	F#4	4	705
62	62	371/2	0.5	5/8	5/8	3/4	1	1	1/8		1/8	1		5	71	B4	4	705
62	62	371/2	0.5	5/8	5/8	3/4	1	1	1/8		1/8	1		9	75	D#5	5	705
62	62	371/2	0.5	5/8	5/8	3/4	1	1	1/8		1/8	1		6	78	F#5	5	705
62	62	1487/8	0.0625	23/32	23/32	3/4	2	2	1/64		1/64	1		8	44	G#2	2	712
62	62	2975/16	0.0625	47/64	47/64	3/4	2	2	1/64		1/64	1		9	51	D#3	3	713
63	63	186	0.0	0	0	3/4	2	3	0	acciaccatura	1/8	1		8	44	G#2	2	735
63	63	186	0.0	0	0	3/4	2	3	0	acciaccatura	1/8	1		9	51	D#3	3	735
63	63	186	0.5	0	0	3/4	2	3	1/8		1/8	1		9	51	D#3	3	736
63	63	186	0.5	0	0	3/4	2	2	1/8		1/8	1		8	56	G#3	3	729
63	63	186	0.5	0	0	3/4	2	1	1/8		1/8	1		9	63	D#4	4	723
63	63	186	0.5	0	0	3/4	1	1	1/8		1/8	1		8	68	G#4	4	714
63	63	186	0.5	0	0	3/4	1	2	1/8		1/8	1		9	75	D#5	5	721
63	63	186	0.5	0	0	3/4	1	1	1/8		1/8	1		8	80	G#5	5	714
63	63	373/2	0.25	1/8	1/8	3/4	2	2	1/16		1/16	1		6	54	F#3	3	730
63	63	373/2	0.5	1/8	1/8	3/4	2	1	1/8		1/8	1		7	61	C#4	4	724
63	63	373/2	0.25	1/8	1/8	3/4	1	1	1/16		1/16	1		6	66	F#4	4	715
63	63	373/2	0.5	1/8	1/8	3/4	1	2	1/8		1/8	1		7	73	C#5	5	722
63	63	373/2	0.25	1/8	1/8	3/4	1	1	1/16		1/16	1		6	78	F#5	5	715
63	63	747/4	0.25	3/16	3/16	3/4	2	2	1/16		1/16	1		8	56	G#3	3	731
63	63	747/4	0.25	3/16	3/16	3/4	1	1	1/16		1/16	1		8	68	G#4	4	716
63	63	747/4	0.25	3/16	3/16	3/4	1	1	1/16		1/16	1		8	80	G#5	5	716
63	63	187	0.5	1/4	1/4	3/4	2	2	1/8		1/8	1		8	56	G#3	3	732
63	63	187	0.5	1/4	1/4	3/4	2	1	1/8		1/8	1		9	63	D#4	4	725
63	63	187	0.5	1/4	1/4	3/4	1	1	1/8		1/8	1		8	68	G#4	4	717
63	63	187	0.5	1/4	1/4	3/4	1	1	1/8		1/8	1		9	75	D#5	5	717
63	63	187	0.5	1/4	1/4	3/4	1	1	1/8		1/8	1		8	80	G#5	5	717
63	63	375/2	0.5	3/8	3/8	3/4	2	1	1/8		1/8	1		5	59	B3	3	726
63	63	375/2	0.5	3/8	3/8	3/4	2	1	1/8		1/8	1		9	63	D#4	4	726
63	63	375/2	0.5	3/8	3/8	3/4	2	1	1/8		1/8	1		6	66	F#4	4	726
63	63	375/2	0.5	3/8	3/8	3/4	1	1	1/8		1/8	1		5	71	B4	4	718
63	63	375/2	0.5	3/8	3/8	3/4	1	1	1/8		1/8	1		6	78	F#5	5	718
63	63	375/2	0.5	3/8	3/8	3/4	1	1	1/8		1/8	1		5	83	B5	5	718
63	63	188	0.5	1/2	1/2	3/4	2	1	1/8		1/8	1		8	56	G#3	3	727
63	63	188	0.5	1/2	1/2	3/4	2	1	1/8		1/8	1		9	63	D#4	4	727
63	63	188	0.5	1/2	1/2	3/4	1	1	1/8		1/8	1		8	68	G#4	4	719
63	63	188	0.5	1/2	1/2	3/4	1	1	1/8		1/8	1		9	75	D#5	5	719
63	63	188	0.5	1/2	1/2	3/4	1	1	1/8		1/8	1		8	80	G#5	5	719
63	63	377/2	0.5	5/8	5/8	3/4	2	1	1/8		1/8	1		9	51	D#3	3	728
63	63	377/2	0.5	5/8	5/8	3/4	2	1	1/8		1/8	1		6	54	F#3	3	728
63	63	377/2	0.5	5/8	5/8	3/4	2	1	1/8		1/8	1		10	58	A#3	3	728
63	63	377/2	0.5	5/8	5/8	3/4	1	1	1/8		1/8	1		9	63	D#4	4	720
63	63	377/2	0.5	5/8	5/8	3/4	1	1	1/8		1/8	1		10	70	A#4	4	720
63	63	377/2	0.5	5/8	5/8	3/4	1	1	1/8		1/8	1		9	75	D#5	5	720
63	63	1511/8	0.0625	23/32	23/32	3/4	2	2	1/64		1/64	1		8	44	G#2	2	733
63	63	3023/16	0.0625	47/64	47/64	3/4	2	2	1/64		1/64	1		9	51	D#3	3	734
64	64	189	0.0	0	0	3/4	2	3	0	acciaccatura	1/8	1		8	44	G#2	2	756
64	64	189	0.0	0	0	3/4	2	3	0	acciaccatura	1/8	1		9	51	D#3	3	756
64	64	189	0.5	0	0	3/4	2	3	1/8		1/8	1		9	51	D#3	3	757
64	64	189	0.5	0	0	3/4	2	2	1/8		1/8	1		8	56	G#3	3	752
64	64	189	0.5	0	0	3/4	2	1	1/8		1/8	1		9	63	D#4	4	746
64	64	189	0.5	0	0	3/4	1	1	1/8		1/8	1		8	68	G#4	4	737
64	64	189	0.5	0	0	3/4	1	2	1/8		1/8	1		9	75	D#5	5	744
64	64	189	0.5	0	0	3/4	1	1	1/8		1/8	1		8	80	G#5	5	737
64	64	379/2	0.25	1/8	1/8	3/4	2	2	1/16		1/16	1		6	54	F#3	3	753
64	64	379/2	0.5	1/8	1/8	3/4	2	1	1/8		1/8	1		7	61	C#4	4	747
64	64	379/2	0.25	1/8	1/8	3/4	1	1	1/16		1/16	1		6	66	F#4	4	738
64	64	379/2	0.5	1/8	1/8	3/4	1	2	1/8		1/8	1		7	73	C#5	5	745
64	64	379/2	0.25	1/8	1/8	3/4	1	1	1/16		1/16	1		6	78	F#5	5	738
64	64	759/4	0.25	3/16	3/16	3/4	2	2	1/16		1/16	1		8	56	G#3	3	754
64	64	759/4	0.25	3/16	3/16	3/4	1	1	1/16		1/16	1		8	68	G#4	4	739
64	64	759/4	0.25	3/16	3/16	3/4	1	1	1/16		1/16	1		8	80	G#5	5	739
64	64	190	0.5	1/4	1/4	3/4	2	2	1/8		1/8	1		8	56	G#3	3	755
64	64	190	0.5	1/4	1/4	3/4	2	1	1/8		1/8	1		9	63	D#4	4	748
64	64	190	0.5	1/4	1/4	3/4	1	1	1/8		1/8	1		8	68	G#4	4	740
64	64	190	0.5	1/4	1/4	3/4	1	1	1/8		1/8	1		9	75	D#5	5	740
64	64	190	0.5	1/4	1/4	3/4	1	1	1/8		1/8	1		8	80	G#5	5	740
64	64	381/2	0.5	3/8	3/8	3/4	2	1	1/8		1/8	1		7	61	C#4	4	749
64	64	381/2	0.5	3/8	3/8	3/4	2	1	1/8		1/8	1		4	64	E4	4	749
64	64	381/2	0.5	3/8	3/8	3/4	2	1	1/8		1/8	1		8	68	G#4	4	749
64	64	381/2	0.5	3/8	3/8	3/4	1	1	1/8		1/8	1		7	73	C#5	5	741
64	64	381/2	0.5	3/8	3/8	3/4	1	1	1/8		1/8	1		6	78	F#5	5	741
64	64	381/2	0.5	3/8	3/8	3/4	1	1	1/8		1/8	1		7	85	C#6	6	741
64	64	191	0.5	1/2	1/2	3/4	2	1	1/8		1/8	1		8	56	G#3	3	750
64	64	191	0.5	1/2	1/2	3/4	2	1	1/8		1/8	1		9	63	D#4	4	750
64	64	191	0.5	1/2	1/2	3/4	1	1	1/8		1/8	1		8	68	G#4	4	742
64	64	191	0.5	1/2	1/2	3/4	1	1	1/8		1/8	1		9	75	D#5	5	742
64	64	191	0.5	1/2	1/2	3/4	1	1	1/8		1/8	1		8	80	G#5	5	742
64	64	383/2	0.5	5/8	5/8	3/4	2	1	1/8		1/8	1		9	51	D#3	3	751
64	64	383/2	0.5	5/8	5/8	3/4	2	1	1/8		1/8	1		6	54	F#3	3	751
64	64	383/2	0.5	5/8	5/8	3/4	2	1	1/8		1/8	1		10	58	A#3	3	751
64	64	383/2	0.5	5/8	5/8	3/4	1	1	1/8		1/8	1		9	63	D#4	4	743
64	64	383/2	0.5	5/8	5/8	3/4	1	1	1/8		1/8	1		10	70	A#4	4	743
64	64	383/2	0.5	5/8	5/8	3/4	1	1	1/8		1/8	1		9	75	D#5	5	743
65	65	192	0.5	0	0	3/4	2	1	1/8		1/8	1		8	56	G#3	3	764
65	65	192	0.5	0	0	3/4	2	1	1/8		1/8	1		9	63	D#4	4	764
65	65	192	0.5	0	0	3/4	1	1	1/8		1/8	1		8	68	G#4	4	758
65	65	192	0.5	0	0	3/4	1	1	1/8		1/8	1		9	75	D#5	5	758
65	65	192	0.5	0	0	3/4	1	1	1/8		1/8	1		8	80	G#5	5	758
65	65	385/2	0.5	1/8	1/8	3/4	2	1	1/8		1/8	1		7	61	C#4	4	765
65	65	385/2	0.5	1/8	1/8	3/4	2	1	1/8		1/8	1		4	64	E4	4	765
65	65	385/2	0.5	1/8	1/8	3/4	2	1	1/8		1/8	1		8	68	G#4	4	765
65	65	385/2	0.5	1/8	1/8	3/4	1	1	1/8		1/8	1		7	73	C#5	5	759
65	65	385/2	0.5	1/8	1/8	3/4	1	1	1/8		1/8	1		8	80	G#5	5	759
65	65	385/2	0.5	1/8	1/8	3/4	1	1	1/8		1/8	1		7	85	C#6	6	759
65	65	193	0.5	1/4	1/4	3/4	2	1	1/8		1/8	1		8	56	G#3	3	766
65	65	193	0.5	1/4	1/4	3/4	2	1	1/8		1/8	1		9	63	D#4	4	766
65	65	193	0.5	1/4	1/4	3/4	1	1	1/8		1/8	1		8	68	G#4	4	760
65	65	193	0.5	1/4	1/4	3/4	1	1	1/8		1/8	1		9	75	D#5	5	760
65	65	193	0.5	1/4	1/4	3/4	1	1	1/8		1/8	1		8	80	G#5	5	760
65	65	387/2	0.5	3/8	3/8	3/4	2	1	1/8		1/8	1		9	51	D#3	3	767
65	65	387/2	0.5	3/8	3/8	3/4	2	1	1/8		1/8	1		10	58	A#3	3	767
65	65	387/2	0.5	3/8	3/8	3/4	1	1	1/8		1/8	1		9	63	D#4	4	761
65	65	387/2	0.5	3/8	3/8	3/4	1	1	1/8		1/8	1		10	70	A#4	4	761
65	65	387/2	0.5	3/8	3/8	3/4	1	1	1/8		1/8	1		9	75	D#5	5	761
65	65	194	0.5	1/2	1/2	3/4	2	1	1/8		1/8	1		8	44	G#2	2	768
65	65	194	0.5	1/2	1/2	3/4	2	1	1/8		1/8	1		9	51	D#3	3	768
65	65	194	0.5	1/2	1/2	3/4	1	1	1/8		1/8	1		8	56	G#3	3	762
65	65	194	0.5	1/2	1/2	3/4	1	1	1/8		1/8	1		8	68	G#4	4	762
65	65	389/2	0.5	5/8	5/8	3/4	2	1	1/8		1/8	1		9	39	D#2	2	769
65	65	389/2	0.5	5/8	5/8	3/4	2	1	1/8		1/8	1		10	46	A#2	2	769
65	65	389/2	0.5	5/8	5/8	3/4	1	1	1/8		1/8	1		9	51	D#3	3	763
65	65	389/2	0.5	5/8	5/8	3/4	1	1	1/8		1/8	1		10	58	A#3	3	763
65	65	389/2	0.5	5/8	5/8	3/4	1	1	1/8		1/8	1		9	63	D#4	4	763
66	66	195	0.5	0	0	3/4	2	1	1/8		1/8	1		8	32	G#1	1	775
66	66	195	0.5	0	0	3/4	1	1	1/8		1/8	1		8	44	G#2	2	770
66	66	391/2	0.5	1/8	1/8	3/4	2	1	1/8		1/8	1		7	37	C#2	2	776
66	66	391/2	0.5	1/8	1/8	3/4	1	1	1/8		1/8	1		7	49	C#3	3	771
66	66	196	1.0	1/4	1/4	3/4	2	1	1/4		1/4	1		7	37	C#2	2	777
66	66	196	1.0	1/4	1/4	3/4	1	1	1/4		1/4	1		7	49	C#3	3	772
66	66	197	0.25	1/2	1/2	3/4	2	1	1/16		1/16	1		5	35	B1	1	778
66	66	197	0.25	1/2	1/2	3/4	1	1	1/16		1/16	1		5	47	B2	2	773
66	66	789/4	0.25	9/16	9/16	3/4	2	1	1/16		1/16	1		3	33	A1	1	779
66	66	789/4	0.25	9/16	9/16	3/4	1	1	1/16		1/16	1		3	45	A2	2	774
66	66	395/2	0.5	5/8	5/8	3/4	2	1	1/8		1/8	1		8	32	G#1	1	780
66	66	395/2	0.5	5/8	5/8	3/4	2	1	1/8		1/8	1		8	44	G#2	2	780
67	67	198	1.0	0	0	3/4	2	1	1/4		1/4	1		8	44	G#2	2	783
67	67	198	2.0	0	0	3/4	1	1	1/2		1/2	1		7	49	C#3	3	781
67	67	198	2.0	0	0	3/4	1	1	1/2		1/2	1		6	54	F#3	3	781
67	67	198	2.0	0	0	3/4	1	1	1/2		1/2	1		5	59	B3	3	781
67	67	198	2.0	0	0	3/4	1	1	1/2		1/2	1		7	61	C#4	4	781
67	67	199	0.125	1/4	1/4	3/4	2	1	1/32		1/32	1		7	25	C#1	1	784
67	67	199	0.125	1/4	1/4	3/4	2	1	1/32		1/32	1		7	37	C#2	2	784
67	67	200	1.0	1/2	1/2	3/4	2	1	1/4		1/4	1		5	47	B2	2	785
67	67	200	1.0	1/2	1/2	3/4	1	1	1/4		1/4	1	1	4	52	E3	3	782
67	67	200	1.0	1/2	1/2	3/4	1	1	1/4		1/4	1	1	3	57	A3	3	782
67	67	200	1.0	1/2	1/2	3/4	1	1	1/4		1/4	1	1	2	62	D4	4	782
67	67	200	1.0	1/2	1/2	3/4	1	1	1/4		1/4	1	1	4	64	E4	4	782
68	68	201	0.125	0	0	3/4	2	1	1/32		1/32	1		4	28	E1	1	788
68	68	201	0.125	0	0	3/4	2	1	1/32		1/32	1		4	40	E2	2	788
68	68	201	1.0	0	0	3/4	1	1	1/4		1/4	1	-1	4	52	E3	3	786
68	68	201	1.0	0	0	3/4	1	1	1/4		1/4	1	-1	3	57	A3	3	786
68	68	201	1.0	0	0	3/4	1	1	1/4		1/4	1	-1	2	62	D4	4	786
68	68	201	1.0	0	0	3/4	1	1	1/4		1/4	1	-1	4	64	E4	4	786
68	68	202	1.0	1/4	1/4	3/4	2	1	1/4		1/4	1		9	51	D#3	3	789
68	68	202	2.0	1/4	1/4	3/4	1	1	1/2		1/2	1		8	56	G#3	3	787
68	68	202	2.0	1/4	1/4	3/4	1	1	1/2		1/2	1		7	61	C#4	4	787
68	68	202	2.0	1/4	1/4	3/4	1	1	1/2		1/2	1		6	66	F#4	4	787
68	68	202	2.0	1/4	1/4	3/4	1	1	1/2		1/2	1		8	68	G#4	4	787
68	68	203	0.125	1/2	1/2	3/4	2	1	1/32		1/32	1		8	32	G#1	1	790
68	68	203	0.125	1/2	1/2	3/4	2	1	1/32		1/32	1		8	44	G#2	2	790
69	69	204	0.125	0	0	3/4	2	1	1/32		1/32	1		6	42	F#2	2	792
69	69	204	0.125	0	0	3/4	2	1	1/32		1/32	1		6	54	F#3	3	792
69	69	204	3.0	0	0	3/4	1	1	3/4		1/2	3/2	1	5	59	B3	3	791
69	69	204	3.0	0	0	3/4	1	1	3/4		1/2	3/2	1	4	64	E4	4	791
69	69	204	3.0	0	0	3/4	1	1	3/4		1/2	3/2	1	3	69	A4	4	791
69	69	204	3.0	0	0	3/4	1	1	3/4		1/2	3/2	1	5	71	B4	4	791
69	69	205	0.125	1/4	1/4	3/4	2	1	1/32		1/32	1		5	47	B2	2	793
69	69	205	0.125	1/4	1/4	3/4	2	1	1/32		1/32	1		5	59	B3	3	793
69	69	206	0.125	1/2	1/2	3/4	2	1	1/32		1/32	1		6	54	F#3	3	794
69	69	206	0.125	1/2	1/2	3/4	2	1	1/32		1/32	1		6	66	F#4	4	794
70	70	207	0.125	0	0	3/4	2	1	1/32		1/32	1		5	59	B3	3	797
70	70	207	1.0	0	0	3/4	1	1	1/4		1/4	1	-1	5	59	B3	3	795
70	70	207	1.0	0	0	3/4	1	1	1/4		1/4	1	-1	4	64	E4	4	795
70	70	207	1.0	0	0	3/4	1	1	1/4		1/4	1	-1	3	69	A4	4	795
70	70	207	0.125	0	0	3/4	2	1	1/32		1/32	1		5	71	B4	4	797
70	70	207	1.0	0	0	3/4	1	1	1/4		1/4	1	-1	5	71	B4	4	795
70	70	208	0.125	1/4	1/4	3/4	2	1	1/32		1/32	1		6	66	F#4	4	798
70	70	208	2.0	1/4	1/4	3/4	1	1	1/2		1/2	1		5	71	B4	4	796
70	70	208	2.0	1/4	1/4	3/4	1	1	1/2		1/2	1		4	76	E5	5	796
70	70	208	0.125	1/4	1/4	3/4	2	1	1/32		1/32	1		6	78	F#5	5	798
70	70	208	2.0	1/4	1/4	3/4	1	1	1/2		1/2	1		3	81	A5	5	796
70	70	208	2.0	1/4	1/4	3/4	1	1	1/2		1/2	1		5	83	B5	5	796
70	70	209	0.125	1/2	1/2	3/4	2	1	1/32		1/32	1		5	71	B4	4	799
70	70	209	0.125	1/2	1/2	3/4	2	1	1/32		1/32	1		5	83	B5	5	799
71	71	210	3.0	0	0	3/4	2	1	3/4		1/2	3/2	1	7	61	C#4	4	801
71	71	210	3.0	0	0	3/4	2	1	3/4		1/2	3/2	1	4	64	E4	4	801
71	71	210	3.0	0	0	3/4	2	1	3/4		1/2	3/2	1	8	68	G#4	4	801
71	71	210	3.0	0	0	3/4	1	1	3/4		1/2	3/2	1	7	73	C#5	5	800
71	71	210	3.0	0	0	3/4	1	1	3/4		1/2	3/2	1	4	76	E5	5	800
71	71	210	3.0	0	0	3/4	1	1	3/4		1/2	3/2	1	8	80	G#5	5	800
71	71	210	3.0	0	0	3/4	1	1	3/4		1/2	3/2	1	7	85	C#6	6	800
71	71	211	1.0	1/4	1/4	3/4	2	2	1/4		1/4	1		7	25	C#1	1	802
71	71	211	1.0	1/4	1/4	3/4	2	2	1/4		1/4	1		7	37	C#2	2	802
71	71	212	1.0	1/2	1/2	3/4	2	2	1/4		1/4	1		7	25	C#1	1	803
71	71	212	1.0	1/2	1/2	3/4	2	2	1/4		1/4	1		7	37	C#2	2	803
72	72	213	3.0	0	0	3/4	2	2	3/4		1/2	3/2		7	25	C#1	1	806
72	72	213	3.0	0	0	3/4	2	2	3/4		1/2	3/2		7	37	C#2	2	806
72	72	213	3.0	0	0	3/4	2	3	3/4		1/2	3/2		7	49	C#3	3	807
72	72	213	3.0	0	0	3/4	2	1	3/4		1/2	3/2	-1	7	61	C#4	4	805
72	72	213	3.0	0	0	3/4	2	1	3/4		1/2	3/2	-1	4	64	E4	4	805
72	72	213	3.0	0	0	3/4	2	1	3/4		1/2	3/2	-1	8	68	G#4	4	805
72	72	213	3.0	0	0	3/4	1	1	3/4		1/2	3/2	-1	7	73	C#5	5	804
72	72	213	3.0	0	0	3/4	1	1	3/4		1/2	3/2	-1	4	76	E5	5	804
72	72	213	3.0	0	0	3/4	1	1	3/4		1/2	3/2	-1	8	80	G#5	5	804
72	72	213	3.0	0	0	3/4	1	1	3/4		1/2	3/2	-1	7	85	C#6	6	804
